"Mäeorg, Uno ; Tšupova, Svetlana ; Lebedev, Oleg ",2012
"Rinken, Toonika ; Peedel, Delia ",2012
"Jänes, Alar ; Lust, Karmen ; Lust, Enn ; Härk, Eneli ",2009
"Zilmer, Mihkel ; Zilmer, Kersti ; Kullisaar, Tiiu ; Mändar, Reet ; Rehema, Aune ; Punab, Margus ; Kisand, Kai ; Korrovits, Paul ; Türk, Silver ",2008
"Leito, Ivo ; Kruve-Viil, Anneli ",2010
"Lõkov, Märt ; Leito, Ivo ",2018
"Künnapas, Allan ; Leito, Ivo ; Herodes, Koit ; Künnapas, Kadi ",2007
"Laaniste, Asko ",2014
"Kaupmees, Karl ; Leito, Ivo ",2017
"Burk, Peeter ",2013
"Karelson, Ello-Rahel ; Mahlapuu, Riina ; Zilmer, Mihkel ; Jefremov, Viktor ; Rakitin, Aleksei ",2008
"Koppel, Ilmar ; Mäemets, Vahur ; Nummert, Vilve ; Piirsalu, Mare ",2012
"Vahur, Signe ; Koppel, Ilmar ; Piirsalu, Mare ; Nummert, Vilve ; Mäemets, Vahur ",2011
"Rinken, Ago ; Reinart-Okugbeni, Reet ; Vonk, Argo ; Uustare, Ain ",2013
"Leito, Ivo ; Toom, Lauri ; Vahur, Signe ; Teearu, Anu ; Haljasorg, Tõiv ; Haljasorg, Uku ",2014
"Romann, Tavo ; Pikma, Piret ; Kirsimäe, Kalle ; Lust, Enn ; Oll, Ove ",2015
"Lust, Enn ; Ivaništšev, Vladislav ",2013
"Õunap, Katrin ; Kilk, Kalle ; Talvik, Inga ; Piirsoo, Andres ; Soomets, Ursel ",2012
"Maran, Uko ; Tulp, Indrek ; Dobchev, Dimitar Atanasov ",2010
"Leito, Ivo ; Helm, Irja ; Jalukse, Lauri ",2012
"Haljasorg, Uku ; Saare, Mario ; Kisand, Kai ; Peterson, Pärt ; Laan, Martti ; Laan, Martti ; Bichele, Rudolf ; Tomson, Laura ; Bichele, Rudolf ",2015
"Kipper, Karin ; Veigure, Rūta ; Metsvaht, Tuuli ; Lutsar, Irja ; Aro, Rudolf ; Herodes, Koit ",2017
"Nerut, Jaak ; Eskusson, Jaanus ; Rauwel, Protima ; Jänes, Alar ",2016
"Ploom, Anu ; Burk, Peeter ; Panov, Dmitri ; Tuulmets, Ants ",2015
"Mäeorg, Uno ; Stepanov, Vladimir ",2010
"Mäeorg, Uno ; Vellemäe, Eerold ; Lebedev, Oleg ",2008
"Mäeorg, Uno ",2010
"Koppel, Ilmar ; Koppel, Ivar ; Leito, Ivo ; Saame, Jaan ; Kütt, Agnes ; Nerut, Eva Roos ",2012
"Kallip, Silvar ",2018
"Langel, Ülo ; Järv, Jaak ; Saar, Indrek ",2009
"Tuulmets, Ants ; Ploom, Anu ",2009
"Välbe, Raul ; Koel, Mihkel ; Reedo, Valter ; Lõhmus, Ants ; Mäeorg, Uno ; Krumme, Andres ; Romanov, Alexey ",2012
"Karelson, Mati ",2017
"Leito, Ivo ",2015
"Rinken, Ago ",2015
"Klein, Kati ; Kivi, Arthur ; Dulova, Niina ; Zekker, Ivar ; Mölder, Erik ; Tenno, Toomas ; Trapido, Marina ; Tenno, Taavo ",2017
"Rebane, Riin ; Jurtšenko, Sergei ; Herodes, Koit ; Leito, Ivo ",2010
"Vares, Lauri ; Bredihhin, Aleksei ; Salmar, Siim ",2018
"Bredihhin, Aleksei ; Kink, Ilmar ; Kisseljova, Ksenija ; Mäeorg, Uno ; Saal, Kristjan ; Põhako-Esko, Kaija ",2007
"Mäeorg, Uno ; Vellemäe, Eerold ; Sillard, Rannar ; Lebedev, Oleg ",2006
"Herodes, Koit ; Rebane, Riin ",2010
"Järvekülg, Martin ; Välbe, Raul ; Jõgi, Jakob ; Salundi-Galitsin, Aigi ; Kangur, Triin ; Reedo, Valter ; Kalda, Jaan ; Mäeorg, Uno ; Lõhmus, Ants ; Romanov, Alexey ",2012
"Leis, Jaan ; Käärik, Maike ; Arulepp, Mati ; Kuura, Helle ",2010
"Tammeveski, Kaido ; Matisen, Leonard ; Mäeorg, Uno ; Kibena-Põldsepp, Elo ",2012
"Püssa, Tõnu ; Kuusik, Sirje ; Raudsepp, Piret ; Mäeorg, Uno ; Soidla, Riina ; Toomik, Peeter ; Pällin, Regina ; Rei, Meili ",2009
"Burk, Peeter ; Tammiku-Taul, Jaana ; Mayeux, Charly France Alexandre ",2010
"Viht, Kaido ; Enkvist, Erki ; Uri, Asko ; Raidaru, Gerda-Johanna ; Saaver, Siiri ; Vahter, Jürgen ",2012
"Sammelselg, Väino ; Kruusma, Jaanus ",2008
"Thomberg, Thomas ; Jänes, Alar ; Liivand, Kerli ; Lust, Enn ; Siinor, Liis ",2014
"Leito, Ivo ",2010
"Kaupmees, Karl ; Leito, Ivo ; Kütt, Agnes ; Kaljurand, Ivari ; Koppel, Ilmar ",2017
"Sillar, Kaido ",2017
"Sillar, Kaido ",2017
"Sillar, Kaido ",2016
"Romann, Tavo ; Lust, Enn ; Oll, Ove ; Pikma, Piret ",2012
"Leito, Ivo ",2015
"Vaarmets, Kersti ; Nerut, Jaak ; Lust, Enn ; Kanarbik, Rait ",2017
"Herodes, Koit ; Leito, Ivo ; Kruve-Viil, Anneli ",2011
"Haljasorg, Tõiv ; Haav, Kristjan ; Toom, Lauri ; Lõkov, Märt ; Leito, Ivo ; Kadam, Sandip Ashokrao ",2013
"Viht, Kaido ; Enkvist, Erki ; Lavõgina, Darja ; Rahnel, Hedi ; Uri, Asko ; Saaver, Siiri ; Vahter, Jürgen ",2015
"Menert, Anne ; Lemmiksoo, Vallo ; Saluste, Alar ; Zekker, Ivar ; Tenno, Taavo ; Tomingas, Martin ; Loorits, Liis ; Rikmann, Ergo ",2012
"Leito, Ivo ; Trummal, Aleksander ; Kütt, Agnes ; Koppel, Ilmar ; Pihl, Viljar ; Koppel, Ivar ; Rodima, Toomas ; Saame, Jaan ; Kaljurand, Ivari ; Kaupmees, Karl ; Lipping, Lauri ",2013
"Koppel, Ilmar ; Leito, Ivo ; Koppel, Ivar ; Burk, Peeter ; Lipping, Lauri ; Kütt, Agnes ; Kaupmees, Karl ",2011
"Koppel, Ilmar ; Trummal, Aleksander ; Leito, Ivo ; Kaljurand, Ivari ; Lipping, Lauri ",2016
"Vonk, Argo ; Rinken, Ago ; Harro, Jaanus ; Matrov, Denis ",2011
"Mäeorg, Sirje ; Mäeorg, Uno ; Tšubrik, Olga ; Sillard, Rannar ; Kisseljova, Ksenija ",2006
"Koppel, Ilmar ; Koppel, Ivar ",2013
"Kruve-Viil, Anneli ; Kaupmees, Karl ",2017
"Lavõgina, Darja ; Uri, Asko ; Vaasa, Angela ; Kasari, Marje ; Raidaru, Gerda-Johanna ; Enkvist, Erki ",2010
"Uri, Asko ; Kasari, Marje ; Pooga, Margus ; Räägel, Helin ",2008
"Lust, Enn ; Lust, Karmen ; Romann, Tavo ",2007
"Lust, Enn ; Romann, Tavo ; Ivaništšev, Vladislav ; Pikma, Piret ; Oll, Ove ; Kasuk, Heili ; Lust, Karmen ",2015
"Lust, Enn ; Möller, Priit ; Kallip, Silvar ; Kasuk, Heili ; Grozovski, Vitali ",2008
"Väärtnõu, Mart ; Lust, Enn ",2008
"Nerut, Jaak ; Väärtnõu, Mart ; Lust, Enn ",2011
"Lust, Enn ; Kasuk, Heili ; Nurk, Gunnar ",2008
"Väärtnõu, Mart ; Lust, Enn ",2006
"Lust, Enn ; Väärtnõu, Mart ",2009
"Lust, Enn ; Kallip, Silvar ; Kasuk, Heili ; Grozovski, Vitali ",2014
"Tamm, Jüri ; Marandi, Margus ; Kallip, Silvar ; Sammelselg, Väino ",2010
"Danilkin, Mikhail ; Kerikmäe, Mihkel ; Lust, Aime ; Seeman, Viktor ",2008
"Väli, Ronald ; Jänes, Alar ; Lust, Enn ",2017
"Mäeorg, Uno ; Hussainov, Medhat ; Paalo, Madis ; Tätte, Tanel ; Lõhmus, Ants ; Kiisk, Valter ; Põhako-Esko, Kaija ; Pehk, Tõnis ; Talviste, Rasmus ; Part, Marko ; Mändar, Hugo ; Reivelt, Kaido ",2011
"Ilves-Luht, Aire ; Ling, Katri ; Ots, Meelis ; Harzia, Hedi ; Kilk, Kalle ; Soomets, Ursel ",2012
"Harzia, Hedi ; Kaart, Tanel ; Ots, Meelis ; Ilves-Luht, Aire ; Henno, Merike ; Jõudu, Ivi ; Ling, Katri ; Kärt, Olav ; Kilk, Kalle ; Soomets, Ursel ",2013
"Altraja, Siiri ; Kilk, Kalle ; Mahlapuu, Riina ; Soomets, Ursel ; Altraja, Alan ; Aug, Argo ",2014
"Haljasorg, Tõiv ; Kipper, Karin ; Leito, Ivo ; Herodes, Koit ; Teearu, Anu ; Saame, Jaan ",2014
"Liiv, Jüri ; Panov, Dmitri ; Järv, Jaak ",2014
"Zekker, Ivar ",2017
"Laheäär, Ann ; Lust, Enn ",2014
"Herm, Laura ; Harro, Jaanus ; Eller, Marika ; Rinken, Ago ; O´Leary, Aet ",2007
"Zilmer, Mihkel ; Zilmer, Kersti ; Kullisaar, Tiiu ; Mikelsaar, Marika ; Rehema, Aune ; Štšepetova, Jelena ; Songisepp, Epp ",2011
"Stepanov, Vladimir ; Loog, Olavi ",2012
"Orlovskiy, Yury ; Vanetsev, Alexander ; Samsonova, Elena ; Sildos, Ilmo ; Joost, Urmas ; Kiisk, Valter ; Mäeorg, Uno ; Kaldvee, Kaarel ; Lange, Sven ; Popov, Alexandr ",2014
"Oll, Ove ; Lust, Enn ; Romann, Tavo ",2014
"Kruusma, Jaanus ",2006
"Tammeveski, Kaido ; Rauwel, Protima ; Sammelselg, Väino ; Niilisk, Ahti ; Kibena-Põldsepp, Elo ; Merisalu, Maido ; Matisen, Leonard ",2016
"Rebane, Riin ; Saaver, Siiri ",2017
"Vahur, Signe ; Teearu, Anu ; Haljasorg, Tõiv ; Leito, Ivo ; Kaljurand, Ivari ; Liigand, Piia ",2012
"Sammelselg, Väino ; Jänes, Alar ; Lust, Enn ; Hallik, Allan ; Alumaa, Ants ; Väärtnõu, Mart ; Tamm, Jüri ",2006
"Soomets, Ursel ; Mahlapuu, Riina ; Kilk, Kalle ; Langel, Ülo ",2009
"Rebane, Riin ; Herodes, Koit ; Leito, Ivo ",2011
"Jaaniso, Raivo ; Kivirand, Kairi ; Rinken, Toonika ; Avarmaa, Tea ",2015
"Menert, Anne ; Zekker, Ivar ; Rikmann, Ergo ; Tenno, Toomas ; Vabamäe, Priit ; Tomingas, Martin ; Loorits, Liis ; Tenno, Taavo ",2012
"Menert, Anne ; Zekker, Ivar ; Rikmann, Ergo ; Tenno, Toomas ; Tenno, Taavo ; Lemmiksoo, Vallo ; Loorits, Liis ; Vabamäe, Priit ; Tomingas, Martin ",2012
"Leito, Ivo ",2011
"Salum, Erik ; Eha, Jaan ; Kals, Jaak ; Zilmer, Mihkel ; Arend, Andres ; Aunapuu, Marina ; Kampus, Priit ",2014
"Kütt, Agnes ; Rõõm, Eva-Ingrid ; Koppel, Ilmar ; Leito, Ivo ",2007
"Zagura, Maksim ",2016
"Lõivukene, Krista ; Štšepetova, Jelena ; Kullisaar, Tiiu ; Mikelsaar, Marika ; Hütt, Pirje ",2006
"Toom, Lauri ; Allas, Ülar ; Selyutina, Anastasia ; Mäeorg, Uno ; Merits, Andres ; Rinken, Ago ; Hauryliuk, Vasili ; Kaldalu, Niilo ; Tenson, Tanel ",2016
"Kals, Jaak ; Zilmer, Mihkel ; Starkopf, Joel ; Pulges, Andres ; Soomets, Ursel ; Kals, Mart ",2008
"Karelson, Ello-Rahel ; Zilmer, Mihkel ; Zilmer, Kersti ; Jefremov, Viktor ",2007
"Vasar, Eero ; Zilmer, Mihkel ; Leping, Vambola ; Koido, Kati ; Haring, Liina ",2015
"Zagura, Maksim ; Eha, Jaan ; Kals, Jaak ; Kampus, Priit ; Unt, Eve ; Lieberg, Jüri ; Serg, Martin ; Zilmer, Mihkel ",2011
"Leito, Ivo ",2015
"Liivand, Kerli ; Vaas, Ingrid ; Thomberg, Thomas ; Jänes, Alar ; Kurig, Heisi ; Romann, Tavo ; Lust, Enn ",2014
"Jänes, Alar ; Tallo, Indrek ; Thomberg, Thomas ; Väli, Ronald ; Palm, Rasmus ; Romann, Tavo ; Lust, Enn ; Kanarbik, Rait ",2017
"Kaupmees, Karl ; Leito, Ivo ",2018
"Oras, Ester ",2017
"Türk, Silver ; Kullisaar, Tiiu ",2011
"Garcia Sosa, Alfonso Tlatoani ",2016
"Zekker, Ivar ",2014
"Kals, Jaak ; Zilmer, Mihkel ; Zilmer, Kersti ; Kampus, Priit ; Teesalu, Rein ; Pulges, Andres ; Kals, Mart ",2007
"Kals, Jaak ; Lintrop, Mare ; Tillmann, Vallo ; Kampus, Priit ; Zilmer, Mihkel ; Heilman, Kaire ",2009
"Lavõgina, Darja ; Kopantšuk, Sergei ; Rinken, Ago ",2018
"Kilk, Kalle ; Meitern, Richard ; Hõrak, Peeter ; Soomets, Ursel ",2014
"Teesalu, Rein ; Kals, Jaak ; Zilmer, Kersti ; Zilmer, Mihkel ; Kampus, Priit ; Eha, Jaan ; Unt, Eve ",2008
"Kals, Jaak ; Eha, Jaan ; Kampus, Priit ; Zilmer, Kersti ; Serg, Martin ; Zagura, Maksim ; Zilmer, Mihkel ; Muda, Piibe ",2011
"Paapstel, Kaido ; Kals, Jaak ; Eha, Jaan ; Tootsi, Kaspar ; Zilmer, Mihkel ; Zilmer, Mihkel ",2016
"Zagura, Maksim ; Kampus, Priit ; Kals, Jaak ; Serg, Martin ; Eha, Jaan ; Zilmer, Kersti ; Zilmer, Mihkel ; Unt, Eve ; Lieberg, Jüri ",2010
"Kuznetsov, Aleksei ; Kisseljova, Ksenija ; Järv, Jaak ",2010
"Kullisaar, Tiiu ; Kairane, Ceslava ; Zilmer, Mihkel ; Zilmer, Kersti ; Unt, Eve ",2006
"Kukli, Kaupo ; Tamm, Aile ; Kozlova, Jekaterina ; Sammelselg, Väino ",2010
"Tamm, Aile ; Sammelselg, Väino ; Kukli, Kaupo ; Kozlova, Jekaterina ",2010
"Tätte, Tanel ; Aidla, Aleks ; Kukli, Kaupo ; Chandra, Mukesh ; Stern, Raivo ; Mäeorg, Uno ; Mändar, Hugo ; Kozlova, Jekaterina ; Tamm, Aile ",2012
"Sammelselg, Väino ; Kozlova, Jekaterina ; Alles, Harry ; Aidla, Aleks ; Pärs, Martti ; Niilisk, Ahti ; Rähn, Mihkel ",2011
"Rammula, Raul ; Sammelselg, Väino ; Aarik, Jaan ; Mändar, Hugo ; Ritslaid, Peeter ",2010
"Aarik, Lauri ; Sammelselg, Väino ; Mändar, Hugo ; Aarik, Jaan ; Arroval, Tõnis ",2014
"Tamm, Aile ; Aidla, Aleks ; Kukli, Kaupo ; Aarik, Lauri ; Mändar, Hugo ; Kasikov, Aarne ; Sammelselg, Väino ; Ritslaid, Peeter ; Aarik, Jaan ; Kozlova, Jekaterina ",2014
"Sammelselg, Väino ; Aarik, Lauri ; Arroval, Tõnis ; Rammula, Raul ; Mändar, Hugo ; Aarik, Jaan ",2013
"Vahur, Signe ; Teearu, Anu ; Peets, Pilleriin ; Joosu, Lauri ; Leito, Ivo ",2016
"Vahur, Signe ; Leito, Ivo ",2014
"Leito, Ivo ; Vahur, Signe ",2009
"Vahur, Signe ; Leito, Ivo ; Teearu, Anu ",2010
"Tammeveski, Kaido ; Mäeorg, Uno ; Vaik, Katri ",2007
"Zilmer, Mihkel ; Zilmer, Kersti ; Teesalu, Rein ; Uuetoa, Tiina ; Kampus, Priit ; Kals, Jaak ; Muda, Piibe ; Ulst, Kai ",2007
"Reinart-Okugbeni, Reet ; Mazina, Olga ; Kopantšuk, Sergei ; Rinken, Ago ",2012
"Kasuk, Heili ; Grozovski, Vitali ; Ivaništšev, Vladislav ; Romann, Tavo ; Lust, Enn ",2014
"Leito, Ivo ; Trummal, Aleksander ; Kaupmees, Karl ",2014
"Koppel, Ilmar ; Tšepelevitš, Sofja ; Leito, Ivo ; Koppel, Ivar ; Kaupmees, Karl ; Saame, Jaan ",2015
"Koppel, Ilmar ; Kütt, Agnes ; Rodima, Toomas ; Koppel, Ivar ",2008
"Leito, Ivo ; Saame, Jaan ; Haav, Kristjan ; Kütt, Agnes ",2012
"Kaupmees, Karl ; Järviste, Robert ; Leito, Ivo ",2016
"Enkvist, Erki ; Uri, Asko ; Kasari, Marje ; Viht, Kaido ; Manoharan, Ganesh Babu ",2014
"Piir, Geven ; Garcia Sosa, Alfonso Tlatoani ; Sild, Sulev ; Ahte, Priit ; Maran, Uko ; Kahn, Iiris ",2018
"Kopantšuk, Sergei ; Tõntson, Lauri ; Rinken, Ago ",2013
"Leito, Ivo ",2014
"Ivan, Taavi ; Enkvist, Erki ; Viira, Birgit ; Raidaru, Gerda-Johanna ; Manoharan, Ganesh Babu ; Uri, Asko ; Uri, Asko ",2016
"Garcia Sosa, Alfonso Tlatoani ",2018
"Klauson, Deniss ; Trapido, Marina ; Tenno, Taavo ; Goi, Anna ; Dulova, Niina ; Kattel, Eneliis ; Klein, Kati ; Tenno, Toomas ; Viisimaa, Marika ",2017
"Lust, Enn ; Kallip, Silvar ; Romann, Tavo ; Sammelselg, Väino ",2008
"Lavõgina, Darja ; Enkvist, Erki ; Viht, Kaido ; Uri, Asko ; Vaasa, Angela ; Kasari, Marje ",2010
"Lavõgina, Darja ; Uri, Asko ; Kestav, Katrin ; Raidaru, Gerda-Johanna ",2015
"Lavõgina, Darja ; Uri, Asko ; Enkvist, Erki ",2010
"Tammeveski, Kaido ; Kullapere, Marko ",2010
"Tammeveski, Kaido ; Matisen, Leonard ; Sammelselg, Väino ; Marandi, Margus ; Kullapere, Marko ",2012
"Tammeveski, Kaido ; Mooste, Marek ; Matisen, Leonard ",2015
"Püssa, Tõnu ; Fishman, Dmytro ; Soomets, Ursel ; Ottas, Aigar ; Märtson, Aare ; Ottas, Aigar ; Kingo, Külli ",2017
"Sikk, Lauri ",2017
"Burk, Peeter ; Tammiku-Taul, Jaana ; Mayeux, Charly France Alexandre ",2009
"Koppel, Ilmar ; Leito, Ivo ; Koppel, Ivar ; Kütt, Agnes ",2009
"Zilmer, Mihkel ; Zilmer, Kersti ",2008
"Burk, Peeter ",2018
"Koppel, Ilmar ; Kaljurand, Ivari ; Leito, Ivo ; Koppel, Ivar ; Rõõm, Eva-Ingrid ; Kütt, Agnes ",2007
"Allikalt, Anni ; Rinken, Ago ",2017
"Kopantšuk, Sergei ; Veikšina, Santa ; Rinken, Ago ",2014
"Leito, Ivo ",2012
"Härk, Eneli ; Joost, Urmas ; Jäger, Rutha ; Lust, Enn ; Romann, Tavo ",2016
"Koppel, Ilmar ; Koppel, Ivar ; Trummal, Aleksander ; Lippmaa, Endel ; Rummel, Alar ",2011
"Mazina, Olga ; Allikalt, Anni ; Heinloo, Annika ; Rinken, Ago ; Reinart-Okugbeni, Reet ; Kopantšuk, Sergei ",2015
"Vilbaste, Martin ; Pihl, Viljar ; Leito, Ivo ; Saks, Olev ",2010
"Härk, Eneli ; Jäger, Rutha ; Kasatkin, Piia Ereth ; Pikma, Piret ; Joost, Urmas ; Paiste, Päärn ; Aruväli, Jaan ; Lust, Enn ",2017
"Enkvist, Erki ; Raidaru, Gerda-Johanna ; Uri, Asko ; Lavõgina, Darja ; Vaasa, Angela ; Pehk, Tõnis ",2007
"Karu, Helen ; Pensa, Margus ; Rõõm, Eva-Ingrid ; Triisberg-Uljas, Triin ; Portsmuth, Angelika ",2014
"Thomberg, Thomas ; Härmas, Meelis ; Lust, Enn ",2017
"Viigimaa, Margus ; Zilmer, Mihkel ; Zemtsovskaja, Galina ; Kaart, Tanel ; Kaldmäe, Margit ; Annuk, Margus ; Tomberg, Karel ",2011
"Mayeux, Charly France Alexandre ; Burk, Peeter ",2014
"Laheäär, Ann ; Jänes, Alar ; Lust, Enn ",2014
"Zilmer, Mihkel ; Starkopf, Joel ; Karu, Inga ",2006
"Jänes, Alar ; Lust, Enn ; Kurig, Heisi ",2007
"Käärik, Maike ; Arulepp, Mati ; Kook, Mati ; Mäeorg, Uno ; Kozlova, Jekaterina ; Sammelselg, Väino ; Perkson, Anti ; Leis, Jaan ",2018
"Rinken, Ago ; Parkel, Sven ",2006
"Laheäär, Ann ; Jänes, Alar ; Väli, Ronald ; Lust, Enn ",2014
"Rinken, Ago ; Tõntson, Lauri ; Kopantšuk, Sergei ",2014
"Võsumaa, Taavi ; Kopantšuk, Sergei ; Rinken, Ago ",2012
"Rinken, Ago ; Veikšina, Santa ; Kopantšuk, Sergei ; Link, Reet ",2017
"Vestli, Mihkel ; Lust, Enn ; Nurk, Gunnar ",2015
"Zilmer, Mihkel ; Zilmer, Kersti ; Vihalemm, Tiiu ; Salum, Olev ; Fischer, Krista ",2007
"Vaher, Merike ; Kaljurand, Mihkel ; Mahlapuu, Riina ; Soomets, Ursel ; Ehrlich-Peets, Kersti ; Viirlaid, Säde ; Jarvet, Jüri ",2006
"Rinken, Ago ; Mazina, Olga ; Salumets, Andres ",2015
"Zilmer, Mihkel ; Kairane, Ceslava ; Oit-Wiscombe, Ingrid ; Ehrlich-Peets, Kersti ; Mahlapuu, Riina ; Soomets, Ursel ",2009
"Naidu, Revathi ; Safonova, Maria ; Mellikov, Enn ; Mikli, Valdek ; Volobujeva, Olga ; Romann, Tavo ",2014
"Panov, Dmitri ",2013
"Liiv, Jüri ; Sammelselg, Väino ; Zekker, Ivar ; Panov, Dmitri ; Järv, Jaak ; Tenno, Toomas ",2012
"Sammelselg, Väino ; Netšipailo, Ivan ; Aidla, Aleks ; Tarre, Aivar ; Aarik, Lauri ; Asari, Jelena ; Ritslaid, Peeter ; Aarik, Jaan ",2013
"Garcia Sosa, Alfonso Tlatoani ; Maran, Uko ; Viira, Birgit ",2017
"Reinart-Okugbeni, Reet ; Rinken, Ago ; Kanger, Tõnis ; Kriis, Kadri ; Ausmees, Kerti ",2012
"Altraja, Siiri ; Altraja, Alan ; Mahlapuu, Riina ; Soomets, Ursel ",2013
"Maran, Uko ; Sild, Sulev ; Piir, Geven ",2014
"Kaur, Sirje ; Kairane, Ceslava ; Zilmer, Mihkel ; Zilmer, Kersti ",2008
"Kalda, Anti ; Žarkovski, Aleksandr ; Rinken, Ago ; Herm, Laura ",2009
"Tammeveski, Kaido ; Koel, Mihkel ; Kreek, Kristiina ; Sarapuu, Ave ; Matisen, Leonard ",2015
"Garcia Sosa, Alfonso Tlatoani ",2018
"Kreek, Kristiina ; Tammeveski, Kaido ; Joost, Urmas ; Mikli, Valdek ; Koel, Mihkel ; Sarapuu, Ave ",2015
"Tammeveski, Kaido ; Rauwel, Protima ; Ratso, Sander ; Kruusenberg, Ivar ",2016
"Kipper, Karin ; Anier, Kaili ; Urb, Mari ; Herodes, Koit ; Timmusk, Tõnis ; Žarkovski, Aleksandr ; Kalda, Anti ",2018
"Lavõgina, Darja ; Kestav, Katrin ; Uri, Asko ",2016
"Kaur, Sirje ; Zilmer, Mihkel ; Zilmer, Kersti ",2009
"Leito, Ivo ; Herodes, Koit ; Kruve-Viil, Anneli ",2009
"Maran, Uko ; Sild, Sulev ; Takkis, Kalev ; Garcia Sosa, Alfonso Tlatoani ",2011
"Klauson, Deniss ; Dulova, Niina ; Kattel, Eneliis ; Viisimaa, Marika ; Trapido, Marina ; Klein, Kati ; Kivi, Arthur ; Velling, Siiri ; Tenno, Taavo ",2015
"Klauson, Deniss ; Viisimaa, Marika ; Bolobajev, Juri ; Goi, Anna ; Trapido, Marina ; Kattel, Eneliis ; Tenno, Taavo ; Klein, Kati ; Kivi, Arthur ; Velling, Siiri ",2015
"Manoharan, Ganesh Babu ; Enkvist, Erki ; Uri, Asko ; Uri, Asko ; Uri, Asko ",2016
"Tšepelevitš, Sofja ; Leito, Ivo ",2018
"Maran, Uko ; Sild, Sulev ; Piir, Geven ",2013
"Lust, Enn ; Lust, Karmen ; Ivaništšev, Vladislav ",2013
"Anderson, Erik ; Siimenson, Carolin ; Lust, Enn ; Siinor, Liis ",2015
"Nurk, Gunnar ; Maide, Martin ; Korjus, Ove ; Vestli, Mihkel ; Romann, Tavo ; Aruväli, Jaan ; Kirsimäe, Kalle ",2016
"Zilmer, Mihkel; Leping, Vambola ; Zilmer, Kersti ; Kaur, Sirje ",2012
"Vilbaste, Martin ",2014
"Herodes, Koit ; Oldekop, Maarja-Liisa ; Rebane, Riin ",2012
"Lust, Enn ; Koel, Mihkel ; Peikolainen, Anna-Liisa ; Jänes, Alar ; Laheäär, Ann ",2012
"Sikk, Lauri ; Luhaste, Liisa ; Tämm, Kaido ; Toomsalu, Eve ; Burk, Peeter ",2018
"Mahlapuu, Riina ; Soomets, Ursel ; Ehrlich-Peets, Kersti ; Vaher, Merike ; Kaljurand, Mihkel ",2006
"Menert, Anne ; Zekker, Ivar ; Vabamäe, Priit ; Saluste, Alar ; Tenno, Taavo ; Rikmann, Ergo ",2014
"Harzia, Hedi ; Henno, Merike ; Kilk, Kalle ; Kärt, Olav ; Soomets, Ursel ; Jõudu, Ivi ",2012
"Herodes, Koit ; Rebane, Riin ",2012
"Mastitski, Anton ; Ploom, Anu ; Arujõe, Meeli ; Järv, Jaak ",2017
"Ivan, Taavi ; Enkvist, Erki ; Rahnel, Hedi ; Uri, Asko ",2017
"Zilmer, Mihkel ; Arend, Andres ; Aunapuu, Marina ; Kullisaar, Tiiu ; Mikelsaar, Marika ; Rehema, Aune ; Songisepp, Epp ; Kilk, Kalle ",2010
"Kivi, Rait ; Järv, Jaak ; Kuznetsov, Aleksei ",2016
"Burk, Peeter ; Kekišev, Ott ; Järv, Jaak ",2017
"Järv, Jaak ; Kuznetsov, Aleksei ; Faustova, Ilona ",2014
"Gopinathan Pillai, Girinath ",2012
"Burk, Peeter ; Tammiku-Taul, Jaana ; Sillar, Kaido ; Sikk, Lauri ; Tamp, Sven ; Mayeux, Charly France Alexandre ",2009
"Sikk, Lauri ; Burk, Peeter ; Tammiku-Taul, Jaana ",2011
"Sikk, Lauri ; Burk, Peeter ; Tammiku-Taul, Jaana ",2013
"Tammiku-Taul, Jaana ; Sikk, Lauri ; Burk, Peeter ",2012
"Burk, Peeter ; Sikk, Lauri ; Tammiku-Taul, Jaana ",2010
"Kuznetsov, Aleksei ; Järv, Jaak ; Izvolski, Andrei ",2013
"Leito, Ivo ; Tšepelevitš, Sofja ",2015
"Gopinathan Pillai, Girinath ",2013
"Lavõgina, Darja ; Uri, Asko ; Kasari, Marje ; Bredihhina, Jevgenia ; Enkvist, Erki ; Raidaru, Gerda-Johanna ; Vaasa, Angela ; Kestav, Katrin ",2012
"Uri, Asko ; Raidaru, Gerda-Johanna ; Enkvist, Erki ; Vaasa, Angela ; Kasari, Marje ; Lavõgina, Darja ; Viht, Kaido ; Viil, Indrek ",2006
"Selberg, Aare ; Viik, Malle ; Tenno, Toomas ; Nauts, Kristiina ",2011
"Mäeorg, Uno ; Tšubrik, Olga ; Kisseljova, Ksenija ",2006
"Starkov, Pavel ; Mäeorg, Uno ; Tšubrik, Olga ; Sillard, Rannar ; Zemskov, Ivan ",2007
"Härk, Eneli ",2016
"Karelson, Mati ",2010
"Zilmer, Mihkel ; Salum, Olev ; Vihalemm, Tiiu ",2006
"Mäeorg, Uno ",2014
"Haljasorg, Tõiv ; Leito, Ivo ; Heiter, Jaana ",2016
"Toomsalu, Eve ; Koppel, Ilmar ; Burk, Peeter ",2013
"Toomsalu, Eve ; Burk, Peeter ",2015
"Garcia Sosa, Alfonso Tlatoani ",2018
"Nei, Lembit ; Haiba, Egge ; Kutti, Sander ; Lillenberg, Merike ; Herodes, Koit ; Ivask, Mari ; Aro, Rudolf ; Kipper, Karin ",2017
"Lust, Enn ; Ivaništšev, Vladislav ",2010
"Ligi, Kadri ; Enkvist, Erki ; Uri, Asko ",2016
"Rebane, Riin ; Herodes, Koit ; Herodes, Koit ",2017
"Kivirand, Kairi ; Rinken, Toonika ; Utt, Meeme ; Nikopensius, Merit ; Peedel, Delia ; Mihklepp, Kaisa ",2017
"Veikšina, Santa ",2007
"Karelson, Mati ; Puusepp, Laura ; Lopp, Margus ; Merits, Andres ; Das, Pratyush Kumar ; Kananovich, Dzmitry ",2016
"Garcia Sosa, Alfonso Tlatoani ; Maran, Uko ; Sild, Sulev ",2008
"Maran, Uko ; Merits, Andres ; Viira, Birgit ; Selyutina, Anastasia ; Garcia Sosa, Alfonso Tlatoani ",2016
"Ehrlich-Peets, Kersti ; Langel, Ülo ; Zilmer, Mihkel ; Soomets, Ursel ; Viirlaid, Säde ; Mahlapuu, Riina ; Kullisaar, Tiiu ; Saar, Külliki ",2007
"Garcia Sosa, Alfonso Tlatoani ; Garcia Sosa, Alfonso Tlatoani ",2018
"Laurson, Peeter ; Kaldmäe, Hedi ; Kikas, Ave ; Mäeorg, Uno ",2016
"Rinken, Toonika ; Riik, Heleni ",2006
"Mazina, Olga ; Allikalt, Anni ; Salumets, Andres ; Rinken, Ago ",2017
"Lust, Enn ; Nurk, Gunnar ; Kasuk, Heili ",2006
"Leito, Ivo ; Rebane, Riin ; Laaniste, Asko ; Kruve-Viil, Anneli ; Lõhmus, Ants ; Lõhmus, Rünno ",2016
"Kivirand, Kairi ; Rinken, Toonika ; Kagan, Margarita ; Printsmann, Gunnar ",2017
"Kipper, Karin ",2018
"Rebane, Riin ; Herodes, Koit ",2015
"Lust, Enn ; Kallip, Silvar ; Kivi, Indrek ; Möller, Priit ; Kurig, Heisi ; Nurk, Gunnar ",2008
"Sammelselg, Väino ; Mondal, Jay ; Aarik, Lauri ; Kozlova, Jekaterina ",2016
"Väli, Ronald ; Jänes, Alar ; Thomberg, Thomas ; Lust, Enn ",2016
"Vahur, Signe ; Kirsimäe, Kalle ; Lang, Liisa ",2016
"Eskusson, Jaanus ; Jaaniso, Raivo ; Lust, Enn ",2009
"Harro, Jaanus ; O´Leary, Aet ; Leito, Ivo ; Laugus, Karita ",2015
"Tenno, Toomas ; Velling, Siiri ",2009
"Serg, Martin ; Zagura, Maksim ; Eha, Jaan ; Kals, Jaak ; Zilmer, Kersti ; Kampus, Priit ; Kullisaar, Tiiu ",2011
"Kals, Jaak ; Kampus, Priit ; Eha, Jaan ; Zagura, Maksim ; Serg, Martin ; Zilmer, Mihkel ; Muda, Piibe ",2011
"Kukk, Siim ; Järv, Jaak ; Järv, Jaak ",2016
"Burk, Peeter ; Adamson, Aiko ; Nerut, Eva Roos ",2012
"Sammelselg, Väino ; Alles, Harry ; Niilisk, Ahti ; Kozlova, Jekaterina ",2015
"Uri, Asko ",2016
"Maran, Uko ; Garcia Sosa, Alfonso Tlatoani ; Oja, Mare ",2012
"Lavõgina, Darja ; Kopantšuk, Sergei ; Viht, Kaido ",2018
"Selberg, Aare ; Tenno, Toomas ; Zekker, Ivar ; Uiga, Kalev ",2011
"Uiga, Kalev ; Tenno, Toomas ; Zekker, Ivar ; Tenno, Taavo ",2011
"Jalukse, Lauri ; Helm, Irja ; Leito, Ivo ",2013
"Lavõgina, Darja ; Uri, Asko ; Bredihhina, Jevgenia ; Enkvist, Erki ",2010
"Garcia Sosa, Alfonso Tlatoani ; Maran, Uko ; Sild, Sulev ",2009
"Kipper, Karin ",2018
"Garcia Sosa, Alfonso Tlatoani ; Maran, Uko ",2010
"Garcia Sosa, Alfonso Tlatoani ; Maran, Uko ; Oja, Mare ",2012
"Garcia Sosa, Alfonso Tlatoani ; Maran, Uko ",2013
"Gopinathan Pillai, Girinath ",2014
"Panov, Dmitri ",2015
"Kopantšuk, Sergei ; Rinken, Ago ; Veikšina, Santa ",2016
"Zilmer, Mihkel ; Zilmer, Kersti ",2009
"Panov, Dmitri ",2013
"Lust, Enn ; Kivi, Indrek ; Küngas, Rainer ",2009
"Piirsalu, Mare ; Leito, Ivo ",2018
"Siimon, Kaido ; Järvekülg, Martin ; Jaks, Viljar ; Kingo, Külli ; Reemann, Paula ; Kangur, Triin ; Mäeorg, Uno ; Pook, Martin ",2014
"Zekker, Ivar ; Tenno, Toomas ; Saluste, Alar ; Kroon, Kristel ; Tenno, Taavo ; Vabamäe, Priit ; Rikmann, Ergo ",2012
"Kruve-Viil, Anneli ; Leito, Ivo ; Liigand, Jaanus ",2014
"Nummert, Vilve ; Koppel, Ilmar ; Mäemets, Vahur ; Piirsalu, Mare ; Vahur, Signe ",2009
"Mändar, Hugo ; Aarik, Jaan ; Uustare, Teet ; Kikas, Arvo ; Sammelselg, Väino ; Kisand, Vambola ; Käämbre, Tanel ; Kooser, Kuno ; Rammula, Raul ",2007
"Härk, Eneli ; Lust, Enn ; Jäger, Rutha ",2015
"Sammelselg, Väino ; Tammeveski, Kaido ; Matisen, Leonard ; Kongi, Nadežda ; Kozlova, Jekaterina ; Kruusenberg, Ivar ",2011
"Kaljurand, Ivari ; Toom, Lauri ; Järv, Jaak ; Burk, Peeter ",2015
"Raidaru, Gerda-Johanna ; Enkvist, Erki ; Uri, Asko ; Kriisa, Marie ",2009
"Kisseljova, Ksenija ; Kuznetsov, Aleksei ; Järv, Jaak ",2011
"Salmar, Siim ; Tuulmets, Ants ; Hagu, Hannes ",2006
"Eha, Jaan ; Kals, Jaak ; Põdramägi, Taavi ; Aunapuu, Marina ; Arend, Andres ; Zilmer, Mihkel ; Kampus, Priit ; Salum, Erik ",2012
"Bredihhin, Aleksei ; Mäeorg, Uno ",2008
"Zilmer, Mihkel ; Zilmer, Kersti ; Eha, Jaan ; Kampus, Priit ; Kals, Jaak ; Serg, Martin ; Zagura, Maksim ; Salum, Erik ; Unt, Eve ; Blöndal, Mai ",2011
"Mikelsaar, Marika ; Kals, Jaak ; Kampus, Priit ; Zilmer, Mihkel ; Hütt, Pirje ; Unt, Eve ; Andreson, Helena ; Vihalemm, Tiiu ; Kullisaar, Tiiu ",2009
"Kaldur, Triin ; Kals, Jaak ; Ööpik, Vahur ; Zilmer, Mihkel ; Zilmer, Kersti ; Eha, Jaan ; Unt, Eve ",2014
"Vahur, Signe ; Nummert, Vilve ; Piirsalu, Mare ; Toom, Lauri ; Leito, Ivo ; Koppel, Ilmar ; Leito, Ivo ",2017
"Karus, Avo ; Pisponen, Anna ; Poikalainen, Väino ; Mootse, Hannes ; Kaart, Tanel ; Maran, Uko ",2016
"Mäeorg, Uno ; Bredihhin, Aleksei ",2007
"Tšubrik, Olga ; Mäeorg, Sirje ; Mäeorg, Uno ",2009
"Välbe, Raul ; Lõhmus, Ants ; Kink, Ilmar ; Reedo, Valter ; Berholts, Marta ; Mäeorg, Uno ",2015
"Väärtnõu, Mart ; Lust, Enn ",2014
"Väärtnõu, Mart ; Lust, Enn ",2012
"Lust, Enn ; Väärtnõu, Mart ",2014
"Väärtnõu, Mart ; Lust, Enn ",2017
"Lust, Enn ; Siinor, Liis ; Lust, Karmen ",2010
"Kurig, Heisi ; Palm, Rasmus ; Liivand, Kerli ; Jänes, Alar ; Lust, Enn ",2012
"Vestli, Mihkel ; Jänes, Alar ; Lust, Enn ; Kurig, Heisi ",2011
"Peikolainen, Anna-Liisa ; Palmre, Viljar ; Lust, Enn ; Jänes, Alar ; Koel, Mihkel ; Torop, Janno ; Johanson, Urmas ; Aabloo, Alvo ",2011
"Tammeveski, Kaido ; Uibu, Mai ; Sarapuu, Ave ; Kook, Mati ; Kreek, Kristiina ; Koel, Mihkel ",2017
"Tammeveski, Kaido ; Sarapuu, Ave ",2010
"Tammeveski, Kaido ; Erikson, Heiki ; Sarapuu, Ave ; Marandi, Margus ; Sammelselg, Väino ",2013
"Mäeorg, Uno ; Mooste, Marek ; Kibena-Põldsepp, Elo ; Sarapuu, Ave ; Tammeveski, Kaido ",2014
"Tammeveski, Kaido ; Sarapuu, Ave ; Kibena-Põldsepp, Elo ",2018
"Tammeveski, Kaido ; Rauwel, Protima ; Ratso, Sander ; Sarapuu, Ave ; Kook, Mati ; Kruusenberg, Ivar ",2016
"Tammeveski, Kaido ; Sammelselg, Väino ; Merisalu, Maido ; Kruusenberg, Ivar ; Matisen, Leonard ; Kaare, Kätlin ",2016
"Tammeveski, Kaido ; Joost, Urmas ; Vikkisk, Merilin ; Kruusenberg, Ivar ; Šulga, Jevgeni ",2013
"Tammeveski, Kaido ; Vikkisk, Merilin ; Kruusenberg, Ivar ; Joost, Urmas ; Kink, Ilmar ; Šulga, Jevgeni ",2014
"Tammeveski, Kaido ; Ritslaid, Peeter ; Sammelselg, Väino ; Kozlova, Jekaterina ; Sarapuu, Ave ; Erikson, Heiki ",2012
"Tammeveski, Kaido ",2018
"Kiefer, Rudolf ; Lust, Enn ; Peikolainen, Anna-Liisa ; Kaasik, Friedrich ; Aabloo, Alvo ; Saar, Rando ; Saal, Kristjan ",2015
"Anderson, Erik ; Möller, Priit ; Kivi, Indrek ; Lust, Karmen ; Lust, Enn ; Nurk, Gunnar ; Lillmaa, Kadi ; Küngas, Rainer ; Kurig, Heisi ",2010
"Härk, Eneli ; Steinberg, Vahur ; Vaarmets, Kersti ; Nerut, Jaak ; Lust, Enn ; Sepp, Silver ",2013
"Lust, Enn ; Vaarmets, Kersti ; Nerut, Jaak ; Härk, Eneli ",2013
"Härk, Eneli ; Vaarmets, Kersti ; Nerut, Jaak ; Tallo, Indrek ; Lust, Enn ; Sepp, Silver ",2013
"Härk, Eneli ; Rauwel, Protima ; Lust, Enn ; Steinberg, Vahur ; Jäger, Rutha ",2015
"Mändar, Hugo ; Kongi, Nadežda ; Sammelselg, Väino ; Tammeveski, Kaido ; Ritslaid, Peeter ; Kozlova, Jekaterina ",2010
"Tammeveski, Kaido ; Mäeorg, Uno ; Kibena-Põldsepp, Elo ; Matisen, Leonard ",2011
"Tammeveski, Kaido ; Kullapere, Marko ",2010
"Tammeveski, Kaido ; Sammelselg, Väino ; Marandi, Margus ",2014
"Jänes, Alar ; Lust, Enn ; Eskusson, Jaanus ",2015
"Tammeveski, Kaido ; Matisen, Leonard ; Saar, Agu ; Kullapere, Marko ; Sammelselg, Väino ",2007
"Jänes, Alar ; Lust, Enn ; Tallo, Indrek ; Thomberg, Thomas ",2012
"Lust, Enn ; Siimenson, Carolin ; Lust, Karmen ; Siinor, Liis ",2015
"Lillmaa, Kadi ; Maide, Martin ; Kanarbik, Rait ; Nurk, Gunnar ; Lust, Enn ",2016
"Jänes, Alar ; Lust, Enn ; Kurig, Heisi ",2010
"Lust, Karmen ; Siinor, Liis ; Poom, Joosep ; Siimenson, Carolin ; Lust, Enn ",2014
"Leis, Jaan ; Arulepp, Mati ",2009
"Kikas, Timo ; Raud, Merlin ; Pitman, Kätlin ; Lust, Enn ; Nerut, Jaak ",2017
"Jänes, Alar ; Eskusson, Jaanus ; Thomberg, Thomas ; Lust, Enn ",2014
"Härk, Eneli ; Lust, Enn ; Kurig, Heisi ; Nerut, Jaak ; Vaarmets, Kersti ; Tallo, Indrek ; Eskusson, Jaanus ",2013
"Lembinen, Meeri ; Oll, Ove ; Ivaništšev, Vladislav ; Siimenson, Carolin ; Berholts, Marta ; Lust, Enn ; Lust, Karmen ; Thomberg, Thomas ; Siimenson, Carolin ; Siinor, Liis ",2016
"Tammeveski, Kaido ; Sammelselg, Väino ; Matisen, Leonard ; Mäeorg, Uno ; Kasikov, Aarne ; Kibena-Põldsepp, Elo ; Marandi, Margus ",2013
"Tammeveski, Kaido ; Ritslaid, Peeter ; Sammelselg, Väino ; Tarre, Aivar ; Matisen, Leonard ; Kozlova, Jekaterina ; Kongi, Nadežda ; Treštšalov, Aleksei ; Rosental, Arnold ",2014
"Sammelselg, Väino ; Matisen, Leonard ; Tammeveski, Kaido ; Kozlova, Jekaterina ; Kullapere, Marko ",2010
"Laheäär, Ann ; Jänes, Alar ; Lust, Enn ",2011
"Tammeveski, Kaido ; Sammelselg, Väino ; Mooste, Marek ; Kibena-Põldsepp, Elo ; Marandi, Margus ; Marandi, Margus ; Matisen, Leonard ",2016
"Lust, Enn ; Romann, Tavo ",2010
"Tammeveski, Kaido ; Erikson, Heiki ; Sammelselg, Väino ",2019
"Tammeveski, Kaido ; Matisen, Leonard ; Kruusenberg, Ivar ",2010
"Kongi, Nadežda ; Sammelselg, Väino ; Tammeveski, Kaido ; Jukk, Kristel ; Ritslaid, Peeter ; Kozlova, Jekaterina ",2013
"Tammeveski, Kaido ; Kongi, Nadežda ",2007
"Tammeveski, Kaido ",2009
"Rosental, Arnold ; Tammeveski, Kaido ; Mändar, Hugo ; Sarapuu, Ave ",2008
"Tammeveski, Kaido ; Erikson, Heiki ; Sarapuu, Ave ; Kongi, Nadežda ",2012
"Sarapuu, Ave ; Tammeveski, Kaido ; Kasikov, Aarne ",2008
"Tammeveski, Kaido ; Kongi, Nadežda ",2007
"Tammeveski, Kaido ; Niilisk, Ahti ; Sammelselg, Väino ; Mooste, Marek ; Matisen, Leonard ; Marandi, Margus ; Kozlova, Jekaterina ",2015
"Lust, Enn ; Romann, Tavo ; Mändar, Hugo ; Kallip, Silvar ",2010
"Anderson, Erik ",2010
"Kaupmees, Karl ; Lõkov, Märt ; Leito, Ivo ",2013
"Pitman, Kätlin ; Nerut, Jaak ; Lust, Enn ; Raud, Merlin ; Kikas, Timo ",2017
"Lust, Enn ; Kallip, Silvar ; Jäger, Rutha ; Lust, Karmen ; Grozovski, Vitali ",2008
"Tammeveski, Kaido ; Leis, Jaan ; Kook, Mati ; Käärik, Maike ; Rauwel, Protima ",2019
"Tammeveski, Kaido ; Sarapuu, Ave ; Erikson, Heiki ",2009
"Tammeveski, Kaido ; Kullapere, Marko ; Mäeorg, Uno ",2009
"Kongi, Nadežda ; Tammeveski, Kaido ",2008
"Tammeveski, Kaido ; Kasikov, Aarne ; Sarapuu, Ave ",2010
"Tammeveski, Kaido ; Matisen, Leonard ; Kallip, Silvar ; Sarapuu, Ave ; Kasikov, Aarne ",2008
"Tammeveski, Kaido ; Kongi, Nadežda ; Kink, Ilmar ; Kisand, Vambola ; Šulga, Jevgeni ",2010
"Tammeveski, Kaido ; Rähn, Mihkel ; Sammelselg, Väino ; Sarapuu, Ave ; Matisen, Leonard ; Erikson, Heiki ",2017
"Tammeveski, Kaido ; Matisen, Leonard ; Kongi, Nadežda ",2014
"Tammeveski, Kaido ; Kongi, Nadežda ",2017
"Tammeveski, Kaido ; Kongi, Nadežda ",2010
"Kongi, Nadežda ; Sammelselg, Väino ; Jukk, Kristel ; Ritslaid, Peeter ; Tammeveski, Kaido ; Kozlova, Jekaterina ; Sarapuu, Ave ",2013
"Tammeveski, Kaido ; Sarapuu, Ave ; Kongi, Nadežda ",2011
"Kruve-Viil, Anneli ; Oss, Merit ; Herodes, Koit ; Leito, Ivo ",2010
"Kruve-Viil, Anneli ; Herodes, Koit ; Leito, Ivo ",2010
"Salumets, Andres ; Velthut-Meikas, Agne ; Kaart, Tanel ; Zilmer, Mihkel ; Zilmer, Kersti ; Karro, Helle ",2013
"Tillmann, Vallo ; Zilmer, Mihkel ; Zilmer, Kersti ; Heilman, Kaire ; Kool, Pille ",2009
"Mäestu, Evelin ; Mäestu, Jarek ; Tillmann, Vallo ; Jürimäe, Jaak ; Maasalu, Katre ; Zilmer, Mihkel ; Purge, Priit ; Remmel, Liina ",2012
"Jänes, Alar ; Thomberg, Thomas ; Lust, Enn ",2010
"Thomberg, Thomas ; Jänes, Alar ; Lust, Enn ",2009
"Zekker, Ivar ; Artemchuk, Oleg ",2019
"Tammeveski, Kaido ; Sarapuu, Ave ; Erikson, Heiki ",2011
"Tammeveski, Kaido ; Rauwel, Protima ; Kink, Ilmar ; Ratso, Sander ; Joost, Urmas ",2015
"Kruve-Viil, Anneli ; Laaniste, Asko ; Herodes, Koit ; Leito, Ivo ; Lõhmus, Rünno ",2012
"Tammeveski, Kaido ; Rauwel, Protima ; Ratso, Sander ; Sarapuu, Ave ; Kruusenberg, Ivar ",2016
"Tammeveski, Kaido ; Ratso, Sander ; Kruusenberg, Ivar ",2016
"Tammeveski, Kaido ; Kongi, Nadežda ; Ritslaid, Peeter ; Matisen, Leonard ; Sammelselg, Väino ; Kozlova, Jekaterina ",2015
"Nerut, Jaak ; Sepp, Silver ; Vaarmets, Kersti ; Tallo, Indrek ; Tee, Ester ; Kurig, Heisi ; Aruväli, Jaan ; Kanarbik, Rait ; Lust, Enn ",2017
"Rinken, Ago ; Parkel, Sven ",2009
"Zekker, Ivar ",2019
"Kaupmees, Karl ; Leito, Ivo ; Lõkov, Märt ; Järviste, Robert ",2018
"Viik, Malle ; Selberg, Aare ; Pall, Peeter ; Tenno, Toomas ",2009
"Koppel, Ilmar ; Kütt, Agnes ; Mäemets, Vahur ; Rodima, Toomas ; Kaljurand, Ivari ; Saame, Jaan ; Leito, Ivo ; Raamat, Elin ",2011
"Mikelsaar, Marika ; Zilmer, Mihkel ; Kullisaar, Tiiu ; Karki, Tõnis ; Truusalu, Kai ; Naaber, Paul ",2008
"Herodes, Koit ; Kruve-Viil, Anneli ; Liigand, Jaanus ; Rebane, Riin ; Leito, Ivo ; Liigand, Piia ",2016
"Tämm, Kaido ; Karelson, Mati ; Kasemets, Kalev ",2010
"Leito, Ivo ; Volobujeva, Olga ; Mellikov, Enn ; Paama, Lilli ; Sammelselg, Väino ; Virro, Kristina ; Asari, Jelena ",2008
"Leito, Ivo ",2015
"Leito, Ivo ",2015
"Leito, Ivo ; Oss, Merit ; Pung, Astrid ; Tšepelevitš, Sofja ",2013
"Mayeux, Charly France Alexandre ; Burk, Peeter ",2014
"Vares, Lauri ; Bredihhin, Aleksei ; Mäeorg, Uno ",2013
"Herodes, Koit ; Rebane, Riin ",2008
"Leito, Ivo ",2010
"Kaljurand, Ivari ; Saame, Jaan ; Koppel, Ivar ; Koppel, Ilmar ; Leito, Ivo ; Rodima, Toomas ",2016
"Tšepelevitš, Sofja ; Saame, Jaan ; Rodima, Toomas ; Kütt, Agnes ; Kaljurand, Ivari ; Haljasorg, Tõiv ; Koppel, Ilmar ; Leito, Ivo ",2016
"Leito, Ivo ; Martin, Kerli ; Nõges, Juuli ; Haav, Kristjan ; Kadam, Sandip Ashokrao ; Pung, Astrid ",2017
"Tenno, Toomas ; Paama, Lilli ",2008
"Koppel, Ilmar ; Koppel, Ivar ; Burk, Peeter ; Trummal, Aleksander ",2008
"Tämm, Kaido ; Tamm, Tarmo ; Burk, Peeter ; Burk, Jaanus ; Tamm, Tarmo ",2018
"Härk, Eneli ; Kasatkin, Piia Ereth ; Jäger, Rutha ; Tallo, Indrek ; Joost, Urmas ; Kanarbik, Rait ; Lust, Enn ",2017
"Rinken, Ago ; Kopantšuk, Sergei ; Veikšina, Santa ",2010
"Lavõgina, Darja ; Uri, Asko ; Raidaru, Gerda-Johanna ",2015
"Leito, Ivo ; Saame, Jaan ",2015
"Kipper, Karin ; Herodes, Koit ; Leito, Ivo ",2011
"Jänes, Alar ; Lust, Enn ; Thomberg, Thomas ; Eskusson, Jaanus ",2013
"Lust, Enn ; Oll, Ove ; Pikma, Piret ; Siinor, Liis ",2015
"Sammelselg, Väino ; Kallip, Silvar ; Marandi, Margus ; Tamm, Jüri ",2012
"Lust, Enn ; Romann, Tavo ; Grozovski, Vitali ",2007
"Tämm, Kaido ; Nikonov, Andrei ; Tamm, Tarmo ; Mutso, Margit ; Merits, Andres ; Dobchev, Dimitar Atanasov ; Karelson, Mati ",2012
"Garcia Sosa, Alfonso Tlatoani ",2010
"Viht, Kaido ; Uri, Asko ; Enkvist, Erki ; Manoharan, Ganesh Babu ; Kasari, Marje ",2015
"Maran, Uko ; Ruusmann, Villu ",2013
"Vilbaste, Martin ",2008
"Treštšalov, Aleksei ; Kink, Ilmar ; Šulga, Jevgeni ; Kisand, Vambola ; Joost, Urmas ; Põhako-Esko, Kaija ",2011
"Sammelselg, Väino ; Aarik, Lauri ; Niilisk, Ahti ; Mändar, Hugo ; Mäeorg, Uno ; Mondal, Jay ; Kozlova, Jekaterina ",2015
"Burk, Peeter ; Adamson, Aiko ",2013
"Kaljurand, Ivari ; Leito, Ivo ",2019
"Koppel, Ilmar ",2013
"Koppel, Ilmar ; Leito, Ivo ",2014
"Leito, Ivo ; Koppel, Ilmar ; Burk, Peeter ; Tamp, Sven ",2010
"Koppel, Ilmar ; Koppel, Ivar ; Leito, Ivo ; Lipping, Lauri ",2009
"Mayeux, Charly France Alexandre ; Koppel, Ilmar ; Leito, Ivo ; Kaljurand, Ivari ; Burk, Peeter ; Sikk, Lauri ",2014
"Kopantšuk, Sergei ; Pikker, Siim ; Dolgov, Leonid ; Heinsalu, Siim ; Kiisk, Valter ; Lõhmus, Rünno ; Sildos, Ilmo ",2014
"Rinken, Toonika ; Mäeorg, Uno ; Viirlaid, Edith ",2015
"Sammelselg, Väino ; Mondal, Jay ; Kozlova, Jekaterina ; Kozlova, Jekaterina ",2015
"Sammelselg, Väino ; Mondal, Jay ",2017
"Alles, Harry ; Sammelselg, Väino ; Niilisk, Ahti ; Kahro, Tauno ; Merisalu, Maido ; Kozlova, Jekaterina ",2015
"Kongi, Nadežda ; Tammeveski, Kaido ",2013
"Dulova, Niina ; Trapido, Marina ; Kattel, Eneliis ; Klein, Kati ; Kivi, Arthur ; Tenno, Taavo ",2016
"Dobchev, Dimitar Atanasov ; Karelson, Mati ",2016
"Kals, Jaak ; Zilmer, Mihkel ; Ööpik, Vahur ; Unt, Eve ; Kaldur, Triin ; Burk, Andres ; Kampus, Priit ; Zagura, Maksim ",2013
"Tammeveski, Kaido ; Merisalu, Maido ; Hussain, Sajid ; Kongi, Nadežda ; Erikson, Heiki ; Ritslaid, Peeter ; Sammelselg, Väino ",2017
"Tammeveski, Kaido ",2014
"Thomberg, Thomas ; Jänes, Alar ; Kurig, Heisi ; Lust, Enn ",2015
"Thomberg, Thomas ; Jänes, Alar ; Lust, Enn ; Romann, Tavo ",2013
"Vaasa, Angela ; Uri, Asko ; Enkvist, Erki ; Lavõgina, Darja ; Viht, Kaido ; Raidaru, Gerda-Johanna ; Viil, Indrek ",2009
"Tammeveski, Kaido ; Kruusenberg, Ivar ; Vikkisk, Merilin ; Joost, Urmas ; Kink, Ilmar ; Šulga, Jevgeni ; Ratso, Sander ",2014
"Tammeveski, Kaido ; Ratso, Sander ; Kruusenberg, Ivar ",2015
"Tammeveski, Kaido ; Ratso, Sander ; Käärik, Maike ; Leis, Jaan ; Kook, Mati ; Kruusenberg, Ivar ",2017
"Tammeveski, Kaido ; Puust, Laurits ; Leis, Jaan ; Ratso, Sander ; Kruusenberg, Ivar ; Käärik, Maike ; Kook, Mati ; Kook, Mati ",2018
"Lebedev, Oleg ",2010
"Leis, Jaan ; Käärik, Maike ; Arulepp, Mati ; Mäeorg, Uno ; Ritslaid, Peeter ; Aruväli, Jaan ; Kook, Mati ; Kozlova, Jekaterina ; Sammelselg, Väino ",2019
"Nagirnõi, Vitali ; Danilkin, Mikhail ; Seeman, Viktor ; Lust, Aime ; Kerikmäe, Mihkel ; Pung, Lembit ; Ratas, Arno ; Romet, Ivo ",2013
"Zilmer, Mihkel ; Zilmer, Kersti ; Kairane, Ceslava ; Kullisaar, Tiiu ; Unt, Eve ; Mägi, Agnes ",2008
"Mazina, Olga ; Veikšina, Santa ; Link, Reet ; Rinken, Ago ; Kopantšuk, Sergei ",2015
"Lust, Enn ; Jänes, Alar ; Thomberg, Thomas ; Kurig, Heisi ; Tallo, Indrek ; Tee, Ester ",2015
"Mäeorg, Uno ; Tšupova, Svetlana ",2014
"Garcia Sosa, Alfonso Tlatoani ",2013
"Kruusenberg, Ivar ; Marandi, Margus ; Tammeveski, Kaido ; Sammelselg, Väino ",2009
"Tšepelevitš, Sofja ; Trummal, Aleksander ; Haav, Kristjan ; Martin, Kerli ; Leito, Ivo ",2017
"Koppel, Ilmar ; Koppel, Ivar ",2009
"Lavõgina, Darja ; Rinken, Ago ; Salumets, Andres ; Peters, Maire ; Koel, Mariann ",2019
"Tillmann, Vallo ; Terasmaa, Anton ; Soomets, Ursel ; Noormets, Klari ; Vasar, Eero ; Kõks, Sulev ; Plaas, Mario ",2011
"Vahur, Signe ; Peets, Pilleriin ; Leito, Ivo ; Pelt, Jaan ",2017
"Dobchev, Dimitar Atanasov ; Karelson, Mati ",2018
"Ustav, Ene ; Tämm, Kaido ; Ustav, Mart ; Tamm, Tarmo ; Tämm, Kaido ; Ustav, Mart ; Toots, Mart ; Männik, Andres ; Mumm, Karl ; Ustav, Mart ",2017
"Koppel, Ilmar ; Trummal, Aleksander ; Rummel, Alar ; Lippmaa, Endel ; Burk, Peeter ",2009
"Rinken, Ago ; Laasfeld, Tõnis ; Kopantšuk, Sergei ",2017
"Truusalu, Kai ; Hütt, Pirje ; Mahlapuu, Riina ; Kullisaar, Tiiu ; Mikelsaar, Marika ; Arend, Andres ; Zilmer, Mihkel ; Aunapuu, Marina ",2010
"Rinken, Toonika ; Kivirand, Kairi ; Peedel, Delia ; Rinken, Ago ",2018
"Lust, Enn ; Aabloo, Alvo ; Torop, Janno ; Jänes, Alar ; Arulepp, Mati ; Palmre, Viljar ",2012
"Härk, Eneli ; Nerut, Jaak ; Vaarmets, Kersti ; Lust, Enn ; Jäger, Rutha ; Valk, Peeter ; Sepp, Silver ",2014
"Tuulmets, Ants ; Salmar, Siim ; Hagu, Hannes ",2007
"Lust, Enn ; Thomberg, Thomas ; Nerut, Jaak ; Jäger, Rutha ; Lust, Karmen ",2008
"Lust, Enn ; Lust, Karmen ; Siinor, Liis ",2007
"Lust, Karmen ; Ivaništšev, Vladislav ; Siinor, Liis ; Lust, Enn ",2010
"Kopantšuk, Sergei ; Rinken, Ago ",2018
"Zilmer, Mihkel ; Zilmer, Kersti ; Soveri, Inga ",2007
"Garcia Sosa, Alfonso Tlatoani ; Maran, Uko ",2014
"Maran, Uko ; Viira, Birgit ",2016
"Jänes, Alar ; Lust, Enn ",2018
"Jänes, Alar ; Marandi, Margus ; Pikma, Piret ; Lust, Enn ; Pikma, Piret ",2016
"Lust, Enn ; Jänes, Alar ; Romann, Tavo ; Väärtnõu, Mart ",2008
"Lust, Enn ; Anderson, Erik ; Siimenson, Carolin ",2014
"Pikma, Piret ; Lust, Enn ; Kasuk, Heili ",2014
"Lust, Enn ; Grozovski, Vitali ; Kallip, Silvar ",2013
"Lust, Enn ; Kruusma, Jaanus ; Tõnisoo, Arvo ; Nõmmiste, Ergo ; Pärna, Rainer ; Kikas, Arvo ",2013
"Nõmmiste, Ergo ; Pärna, Rainer ; Tõnisoo, Arvo ; Lust, Enn ; Kruusma, Jaanus ",2014
"Kukk, Siim ; Järv, Jaak ; Loog, Olavi ",2018
"Zagura, Maksim ; Salum, Erik ; Kals, Jaak ; Tillmann, Vallo ; Zilmer, Mihkel ; Heilman, Kaire ; Pruunsild, Chris ; Zilmer, Kersti ; Pruunsild, Chris ; Ilisson, Jaanika ",2015
"Altraja, Alan ; Soomets, Ursel ",2013
"Mändar, Reet ; Türk, Silver ; Kullisaar, Tiiu ; Kilk, Kalle ; Ausmees, Kristo ; Punab, Margus ",2013
"Jänes, Alar ; Paalo, Maarja ; Lust, Enn ; Romann, Tavo ; Tallo, Indrek ",2018
"Tammiku-Taul, Jaana ; Karelson, Mati ; Timmusk, Tõnis ; Lopp, Margus ; Dobchev, Dimitar Atanasov ; Park, Rahel ; Luberg, Kristi ; Jaanson, Kaur ; Kananovich, Dzmitry ; Noole, Artur ; Mandel, Merle ; Kaasik, Allen ",2016
"Kals, Jaak ; Zilmer, Kersti ; Kullisaar, Tiiu ; Pulges, Andres ; Kampus, Priit ; Salum, Tiit ; Eha, Jaan ; Zilmer, Mihkel ; Teesalu, Rein ; Kals, Mart ",2008
"Zilmer, Mihkel ; Karu, Inga ; Starkopf, Joel ; Zilmer, Kersti ; Pruunsild, Chris ",2010
"Lust, Enn ; Siinor, Liis ; Lust, Karmen ",2010
"Herodes, Koit ; Rebane, Riin ",2012
"Siinor, Liis ; Siimenson, Carolin ; Lust, Karmen ; Ivaništšev, Vladislav ; Lust, Enn ",2012
"Härk, Eneli ; Jäger, Rutha ; Tallo, Indrek ; Joost, Urmas ; Möller, Priit ; Kanarbik, Rait ; Steinberg, Vahur ; Kirsimäe, Kalle ; Lust, Enn ; Romann, Tavo ",2017
"Oll, Ove ; Romann, Tavo ; Lust, Enn ; Siimenson, Carolin ",2017
"Palm, Rasmus ; Jänes, Alar ; Kurig, Heisi ; Lust, Enn ; Liivand, Kerli ",2013
"Maide, Martin ; Lillmaa, Kadi ; Salvan, Laur Kristjan ; Möller, Priit ; Nurk, Gunnar ; Lust, Enn ; Uibu, Mai ",2018
"Lillmaa, Kadi ; Lust, Enn ; Nurk, Gunnar ; Trikkel, Andres ; Möller, Priit ; Anderson, Erik ; Kivi, Indrek ",2012
"Kivi, Indrek ; Lust, Enn ; Aruväli, Jaan ; Kirsimäe, Kalle ; Möller, Priit ; Heinsaar, Alar ; Nurk, Gunnar ",2017
"Romann, Tavo ; Kruusma, Jaanus ; Tallo, Indrek ; Siinor, Liis ; Vahtrus, Mikk ; Lust, Enn ; Siinor, Liis ; Pärna, Rainer ",2017
"Raudsepp, Terje ; Marandi, Margus ; Sammelselg, Väino ; Tamm, Tarmo ",2014
"Kivi, Indrek ; Lust, Enn ; Möller, Priit ; Nurk, Gunnar ; Anderson, Erik ",2012
"Möller, Priit ; Kanarbik, Rait ; Kivi, Indrek ; Nurk, Gunnar ; Lust, Enn ",2013
"Kruve-Viil, Anneli ",2016
"Koppel, Ilmar ; Piirsalu, Mare ; Nummert, Vilve ; Mäemets, Vahur ",2011
"Jänes, Alar ; Miidla, Peep ; Väli, Ronald ; Härmas, Riinu ; Palm, Rasmus ; Härmas, Meelis ; Paalo, Maarja ; Kurig, Heisi ; Tallo, Indrek ; Tee, Ester ; Vaas, Ingrid ; Romann, Tavo ; Oll, Ove ; Kanarbik, Rait ; Liivand, Kerli ; Eskusson, Jaanus ; Kruusma, Jaanus ; Thomberg, Thomas ; Lust, Enn ; Kruusma, Jaanus ; Oll, Ove ",2018
"Kukli, Kaupo ; Aarik, Lauri ; Tamm, Aile ; Alles, Harry ; Aidla, Aleks ; Sammelselg, Väino ; Mändar, Hugo ; Kahro, Tauno ; Aarik, Jaan ",2014
"Lust, Enn ; Kurig, Heisi ; Vestli, Mihkel ; Jänes, Alar ; Liivand, Kerli ",2012
"Liivand, Kerli ; Thomberg, Thomas ; Jänes, Alar ; Sammelselg, Väino ; Lust, Enn ; Romann, Tavo ",2013
"Koppel, Ilmar ; Piirsalu, Mare ; Nummert, Vilve ",2010
"Vaarmets, Kersti ; Nerut, Jaak ; Lust, Enn ; Tallo, Indrek ; Valk, Peeter ; Sepp, Silver ; Härk, Eneli ",2014
"Ploom, Anu ; Arujõe, Meeli ; Mastitski, Anton ; Järv, Jaak ",2018
"Siinor, Liis ; Lust, Enn ; Lust, Karmen ; Arendi, Rauno ",2013
"Härk, Eneli ; Steinberg, Vahur ; Jäger, Rutha ; Lust, Enn ",2016
"Ivaništšev, Vladislav ; Lust, Enn ; Lust, Karmen ; Kallip, Silvar ; Siinor, Liis ; Anderson, Erik ; Grozovski, Vitali ; Siimenson, Carolin ",2013
"Romann, Tavo ; Pärna, Rainer ; Nõmmiste, Ergo ; Tõnisoo, Arvo ; Nõmmiste, Ergo ; Tallo, Indrek ; Lust, Enn ; Kruusma, Jaanus ",2016
"Kaupmees, Karl ; Leito, Ivo ; Kaljurand, Ivari ",2014
"Kaljurand, Ivari ; Leito, Ivo ; Kaupmees, Karl ",2010
"Kriisa, Marie ; Uri, Asko ; Rahnel, Hedi ; Enkvist, Erki ",2015
"Kallip, Silvar ",2016
"Tammiku-Taul, Jaana ; Mayeux, Charly France Alexandre ; Burk, Peeter ",2013
"Järv, Jaak ; Faustova, Ilona ",2013
"Burk, Peeter ; Mayeux, Charly France Alexandre ; Tammiku-Taul, Jaana ",2009
"Rinken, Toonika ; Kivirand, Kairi ",2009
"Ivaništšev, Vladislav ; Lust, Enn ; Karu, Karl ",2016
"Zilmer, Mihkel ; Zilmer, Kersti ; Mikelsaar, Marika ; Sepp, Epp ; Lõivukene, Krista ; Hütt, Pirje ; Štšepetova, Jelena ; Kolk, Helgi ",2010
"Järv, Jaak ",2008
"Härk, Eneli ; Lust, Enn ; Jäger, Rutha ; Kasatkin, Piia Ereth ",2014
"Kriiska, Aivar ; Vahur, Signe ; Leito, Ivo ",2011
"Vaher, Merike ; Soomets, Ursel ; Hansen, Mats ",2015
"Möller, Priit ; Lillmaa, Kadi ; Nurk, Gunnar ; Lust, Enn ",2016
"Jänes, Alar ; Thomberg, Thomas ; Lust, Enn ; Eskusson, Jaanus ; Romann, Tavo ",2016
"Kruve-Viil, Anneli ; Kaupmees, Karl ; Liigand, Piia ",2016
"Berholts, Marta ; Kooser, Kuno ",2015
"Tammeveski, Kaido ; Kisand, Vambola ; Ratso, Sander ; Kook, Mati ; Paiste, Päärn ; Vlassov, Sergei ; Käärik, Maike ; Leis, Jaan ",2018
"Lust, Enn ; Kurig, Heisi ; Jänes, Alar ; Palm, Rasmus ; Liivand, Kerli ",2012
"Karelson, Ello-Rahel ",2009
"Stepanov, Vladimir ; Järv, Jaak ",2008
"Kivi, Indrek ; Kirsimäe, Kalle ; Lust, Enn ; Nurk, Gunnar ; Aruväli, Jaan ; Heinsaar, Alar ; Heinsaar, Alar ",2015
"Kuznetsov, Aleksei ; Piiskop, Sander ; Salmar, Siim ; Tuulmets, Ants ; Järv, Jaak ",2013
"Kuznetsov, Aleksei ; Salmar, Siim ; Piiskop, Sander ; Järv, Jaak ; Tuulmets, Ants ",2013
"Vahur, Signe ; Koppel, Ilmar ; Piirsalu, Mare ; Nummert, Vilve ",2009
"Järv, Jaak ; Kivi, Rait ; Loog, Mart ",2013
"Tammeveski, Kaido ; Matisen, Leonard ; Saar, Agu ; Kongi, Nadežda ",2010
"Kilk, Kalle ; Langel, Ülo ",2010
"Nurk, Gunnar ",2018
"Zilmer, Mihkel ",2014
"Danilkin, Mikhail ; Ratas, Arno ; Kerikmäe, Mihkel ; Lust, Aime ; Mändar, Hugo ; Seeman, Viktor ; Slavin, Georgi ",2012
"Rinken, Ago ",2015
"Kuznetsov, Aleksei ; Järv, Jaak ",2009
"Jänes, Alar ; Lust, Enn ; Laheäär, Ann ; Kurig, Heisi ",2009
"Kipper, Karin ",2018
"Jänes, Alar ; Laheäär, Ann ; Lust, Enn ",2012
"Tammeveski, Kaido ; Kongi, Nadežda ",2017
"Lavõgina, Darja ; Enkvist, Erki ; Viht, Kaido ; Uri, Asko ",2014
"Gopinathan Pillai, Girinath ",2014
"Aabloo, Alvo ",2019
"Kals, Jaak ",2015
"Liivand, Kerli ; Jänes, Alar ; Lust, Enn ; Thomberg, Thomas ; Vaas, Ingrid ",2015
"Zilmer, Kersti ; Zilmer, Mihkel ; Tillmann, Vallo ; Heilman, Kaire ",2009
"Romann, Tavo ; Lust, Enn ",2018
"Mazina, Olga ; Rinken, Ago ; Allikalt, Anni ",2013
"Karelson, Mati ; Dobchev, Dimitar Atanasov ",2014
"Tämm, Kaido ",2015
"Danilkin, Mikhail ; Seeman, Viktor ; Lust, Aime ; Mändar, Hugo ",2007
"Vahur, Signe ; Oras, Ester ; Kaljurand, Ivari ; Leito, Ivo ",2017
"Mändar, Reet ; Türk, Silver ; Mahlapuu, Riina ; Viitak, Anu ; Punab, Margus ; Kullisaar, Tiiu ",2014
"Selberg, Aare ; Tenno, Toomas ",2007
"Leito, Ivo ; Herodes, Koit ; Künnapas, Allan ; Kruve-Viil, Anneli ",2008
"Kahru, Anne ; Aruoja, Villem ; Sihtmäe, Mariliis ; Maran, Uko ; Moosus, Maikki ",2014
"Leito, Ivo ; Jalukse, Lauri ; Helm, Irja ",2010
"Haljasorg, Tõiv ; Mayeux, Charly France Alexandre ",2012
"Vlassov, Sergei ; Järvekülg, Martin ; Visnapuu, Meeri ; Šutka, Andris ; Heinmaa, Ivo ; Mäeorg, Uno ; Antsov, Mikk ",2017
"Järvekülg, Martin ; Šutka, Andris ; Heinmaa, Ivo ; Mäeorg, Uno ; Smits, Krisjanis ; Timusk, Martin ",2018
"Mahlapuu, Riina ; Soomets, Ursel ; Järv, Jaak ; Kuznetsov, Aleksei ; Viirlaid, Säde ; Kilk, Kalle ",2009
"Thomberg, Thomas ; Jänes, Alar ; Lust, Enn ; Kurig, Heisi ",2011
"Paapstel, Kaido ; Kals, Jaak ; Tootsi, Kaspar ; Ottas, Aigar ; Eha, Jaan ; Zilmer, Mihkel ",2016
"Zagura, Maksim ; Kals, Jaak ; Eha, Jaan ; Zilmer, Mihkel ; Soomets, Ursel ; Kampus, Priit ; Serg, Martin ; Kilk, Kalle ; Kilk, Kalle ",2015
"Mäeorg, Uno ; Lebedev, Oleg ",2014
"Kruusma, Jaanus ; Merisalu, Maido ",2010
"Jaagus, Jaak ; Jakobson, Erko ; Palo, Timo ",2008
"Kurig, Heisi ; Tallo, Indrek ; Romann, Tavo ; Palm, Rasmus ",2015
"Vahur, Signe ; Teearu, Anu ; Rodima, Toomas ; Herodes, Koit ; Tšepelevitš, Sofja ; Trummal, Aleksander ; Lõkov, Märt ; Leito, Ivo ",2017
"Torop, Janno ; Jänes, Alar ; Arulepp, Mati ; Lust, Enn ; Aabloo, Alvo ",2014
"Härmas, Meelis ; Thomberg, Thomas ; Romann, Tavo ; Jänes, Alar ; Kurig, Heisi ; Lust, Enn ",2016
"Vilbaste, Martin ; Leito, Ivo ; Jalukse, Lauri ; Helm, Irja ",2009
"Parkel, Sven ; Rinken, Ago ",2011
"Mahlapuu, Riina ; Jefremov, Viktor ; Zilmer, Kersti ; Karelson, Ello-Rahel ; Zilmer, Mihkel ; Rebane, Reili ",2012
"Siinor, Liis ; Lust, Enn ; Lust, Karmen ; Siimenson, Carolin ",2013
"Vestli, Mihkel ; Romann, Tavo ; Lust, Enn ; Jaaniso, Raivo ; Nurk, Gunnar ; Möller, Priit ; Kodu, Margus ; Kanarbik, Rait ",2016
"Zekker, Ivar ; Uiga, Kalev ; Tenno, Toomas ; Rikmann, Ergo ",2017
"Zekker, Ivar ",2018
"Menert, Anne ; Rikmann, Ergo ; Tenno, Toomas ; Tenno, Taavo ; Lemmiksoo, Vallo ; Zekker, Ivar ; Saluste, Alar ; Tomingas, Martin ",2011
"Rinken, Ago ; Vonk, Argo ; Reinart-Okugbeni, Reet ",2008
"Rinken, Toonika ; Kivirand, Kairi ; Kagan, Margarita ",2013
"Ivaništšev, Vladislav ",2016
"Ivaništšev, Vladislav ",2017
"Tammiku-Taul, Jaana ; Garcia Sosa, Alfonso Tlatoani ; Karelson, Mati ",2018
"Ivaništšev, Vladislav ",2016
"Maran, Uko ; Garcia Sosa, Alfonso Tlatoani ",2012
"Ivaništšev, Vladislav ",2015
"Leito, Ivo ; Saame, Jaan ",2012
"Vaher, Merike ; Mahlapuu, Riina ; Kuhtinskaja, Maria ",2010
"Haav, Kristjan ; Toom, Lauri ; Leito, Ivo ",2017
"Oras, Ester ; Jonuks, Tõnno ; Vahur, Signe ; Mänd, Raivo ",2018
"Kollist, Hannes ; Laanemets, Kristiina ; Lindgren, Ove ; Merilo, Ebe ; Brosche, Mikael Johan ; Kilk, Kalle ; Soomets, Ursel ; Kilk, Kalle ",2013
"Leito, Ivo ; Vianello, Robert ; Saame, Jaan ",2016
"Palm, Rasmus ; Kurig, Heisi ; Aruväli, Jaan ; Lust, Enn ",2018
"Laheäär, Ann ; Jänes, Alar ; Lust, Enn ",2012
"Tammeveski, Kaido ; Kruusenberg, Ivar ",2015
"Torop, Janno ; Aabloo, Alvo ; Jänes, Alar ; Lust, Enn ",2012
"Torop, Janno ; Palmre, Viljar ; Leis, Jaan ; Punning, Andres ; Johanson, Urmas ; Aabloo, Alvo ; Arulepp, Mati ",2010
"Palmre, Viljar ; Torop, Janno ; Volobujeva, Olga ; Punning, Andres ; Aabloo, Alvo ; Johanson, Urmas ; Kruusmaa, Maarja ; Mäeorg, Uno ",2009
"Lust, Enn ; Jänes, Alar ; Kurig, Heisi ; Thomberg, Thomas ",2009
"Thomberg, Thomas ; Jänes, Alar ; Lust, Enn ; Tallo, Indrek ",2011
"Kooser, Kuno ; Lust, Enn ; Nurk, Gunnar ; Kodu, Margus ; Käämbre, Tanel ; Kivi, Indrek ; Käämbre, Tanel ; Kanarbik, Rait ",2018
"Berholts, Marta ; Kruusma, Jaanus ; Reedo, Valter ; Välbe, Raul ; Lõhmus, Ants ; Nõmmiste, Ergo ; Kuusik, Ivar ; Lust, Enn ; Kisand, Vambola ",2015
"Serg, Martin ; Kals, Jaak ; Eha, Jaan ; Zilmer, Kersti ; Zilmer, Mihkel ; Kullisaar, Tiiu ; Kampus, Priit ; Zagura, Maksim ",2012
"Tillmann, Vallo ; Remmel, Liina ; Zilmer, Mihkel ; Mäestu, Jarek ; Purge, Priit ; Saar, Meeli ; Mäestu, Evelin ; Maasalu, Katre ; Jürimäe, Toivo ; Jürimäe, Jaak ",2013
"Kaupmees, Karl ; Kruve-Viil, Anneli ; Leito, Ivo ; Liigand, Jaanus ",2014
"Vonk, Argo ; Reinart-Okugbeni, Reet ; Rinken, Ago ",2011
"Mäeorg, Uno ; Kink, Ilmar ; Saal, Kristjan ; Põhako-Esko, Kaija ; Bredihhin, Aleksei ",2011
"Põhako-Esko, Kaija ; Saal, Kristjan ; Lõhmus, Rünno ; Kink, Ilmar ; Mäeorg, Uno ; Taaber, Triinu ",2013
"Zekker, Ivar ; Vabamäe, Priit ; Tenno, Taavo ; Seiman, Andrus ",2014
"Zekker, Ivar ; Tenno, Taavo ; Raudkivi, Markus ; Rikmann, Ergo ",2017
"Tammeveski, Kaido ; Sammelselg, Väino ; Käärik, Maike ; Leis, Jaan ; Kibena-Põldsepp, Elo ; Ratso, Sander ; Kook, Mati ",2018
"Kalvet, Indrek ; Burk, Peeter ; Sikk, Lauri ; Mäeorg, Uno ; Tämm, Kaido ; Tammiku-Taul, Jaana ",2016
"Leito, Ivo ; Toom, Lauri ; Haljasorg, Tõiv ; Haav, Kristjan ; Kadam, Sandip Ashokrao ",2014
"Tammeveski, Kaido ; Matisen, Leonard ; Kruusenberg, Ivar ",2012
"Nei, Lembit ; Ivask, Mari ; Kuu, Annely ; Kruusma, Jaanus ",2009
"Jänes, Alar ; Lust, Enn ; Kurig, Heisi ; Romann, Tavo ",2010
"Kurrikoff, Kaido ; Langel, Ülo ; Järv, Jaak ; Saar, Indrek ",2013
"Saar, Indrek ; Langel, Ülo ; Järv, Jaak ",2011
"Välbe, Raul ; Lõhmus, Ants ; Põhako-Esko, Kaija ; Mäeorg, Uno ; Reedo, Valter ; Hoop, Andres ; Saal, Kristjan ; Krumme, Andres ; Kink, Ilmar ; Heinmaa, Ivo ; Berholts, Marta ",2014
"Panov, Dmitri ",2015
"Panov, Dmitri ",2015
"Jänes, Alar ; Paalo, Maarja ; Tallo, Indrek ; Lust, Enn ",2017
"Rinken, Ago ; Vonk, Argo ; Herm, Laura ",2009
"Tammeveski, Kaido ; Kibena-Põldsepp, Elo ; Matisen, Leonard ",2013
"Enkvist, Erki ; Vahter, Jürgen ; Viht, Kaido ; Uri, Asko ",2017
"Leito, Ivo ; Jalukse, Lauri ; Helm, Irja ",2008
"Leito, Ivo ; Kaupmees, Karl ",2013
"Tšepelevitš, Sofja ; Heering, Agnes ; Lõkov, Märt ; Leito, Ivo ; Vianello, Robert ",2017
"Hallik, Allan ; Alumaa, Ants ; Tamm, Jüri ",2010
"Alumaa, Ants ; Hallik, Allan ; Tamm, Jüri ; Sammelselg, Väino ",2007
"Kilk, Kalle ; Hõrak, Peeter ; Sild, Elin ; Meitern, Richard ; Porosk, Rando ",2013
"Lust, Enn ; Hallik, Allan ; Alumaa, Ants ; Kurig, Heisi ; Jänes, Alar ",2007
"Järv, Jaak ; Mastitski, Anton ",2014
"Kruve-Viil, Anneli ; Herodes, Koit ; Leito, Ivo ",2010
"Jäger, Rutha ; Härk, Eneli ; Teppor, Patrick ; Tallo, Indrek ; Joost, Urmas ; Kook, Mati ; Paiste, Päärn ; Kirsimäe, Kalle ; Lust, Enn ",2018
"Danilkin, Mikhail ; Kerikmäe, Mihkel ; Pung, Lembit ; Ots, Ando ; Seeman, Viktor ; Must, Mare ; Tõnutare, Tõnu ",2010
"Kullisaar, Tiiu ; Punab, Margus ; Türk, Silver ; Mändar, Reet ",2011
"Soomets, Ursel ; Hõrak, Peeter ; Sild, Elin ; Kilk, Kalle ; Sepp, Tuul ",2010
"Soomets, Ursel ; Mahlapuu, Riina ",2009
"Tammeveski, Kaido ; Kasikov, Aarne ; Erikson, Heiki ",2018
"Tammeveski, Kaido ; Kullapere, Marko ",2007
"Tammeveski, Kaido ; Erikson, Heiki ; Sarapuu, Ave ",2016
"Jürmann, Gea ; Tammeveski, Kaido ; Kullapere, Marko ; Tenno, Toomas ",2007
"Tammeveski, Kaido ; Kozlova, Jekaterina ; Sammelselg, Väino ; Sarapuu, Ave ; Matisen, Leonard ; Erikson, Heiki ",2015
"Tammeveski, Kaido ; Rauwel, Protima ; Sammelselg, Väino ; Matisen, Leonard ; Mondal, Jay ; Kruusenberg, Ivar ; Kozlova, Jekaterina ; Kozlova, Jekaterina ",2015
"Tammeveski, Kaido ; Matisen, Leonard ; Kruusenberg, Ivar ",2013
"Tammeveski, Kaido ; Matisen, Leonard ; Kruusenberg, Ivar ",2013
"Nerut, Jaak ; Taleb, Masoud ; Tooming, Tauno ; Thomberg, Thomas ; Lust, Enn ",2016
"Nerut, Jaak ; Lust, Enn ; Jänes, Alar ; Thomberg, Thomas ; Taleb, Masoud ",2015
"Tammeveski, Kaido ; Sammelselg, Väino ; Treštšalov, Aleksei ; Kongi, Nadežda ; Erikson, Heiki ; Kook, Mati ",2018
"Tammeveski, Kaido ; Kruusenberg, Ivar ; Sammelselg, Väino ; Matisen, Leonard ; Kaare, Kätlin ",2017
"Kasuk, Heili ; Lust, Enn ; Nerut, Jaak ; Tallo, Indrek ; Jäger, Rutha ; Härk, Eneli ",2015
"Tammeveski, Kaido ; Mooste, Marek ; Kibena-Põldsepp, Elo ; Matisen, Leonard ; Matisen, Leonard ; Kibena-Põldsepp, Elo ",2017
"Tammeveski, Kaido ; Arulepp, Mati ; Leis, Jaan ; Kruusenberg, Ivar ",2010
"Tammeveski, Kaido ; Mooste, Marek ; Kibena-Põldsepp, Elo ; Matisen, Leonard ; Merisalu, Maido ; Kook, Mati ; Kisand, Vambola ; Krumme, Andres ; Sammelselg, Väino ; Krumme, Andres ; Kibena-Põldsepp, Elo ",2018
"Tammeveski, Kaido ; Kozlova, Jekaterina ; Sammelselg, Väino ; Erikson, Heiki ; Sarapuu, Ave ",2013
"Tammeveski, Kaido ; Sammelselg, Väino ; Kozlova, Jekaterina ; Erikson, Heiki ",2018
"Tammeveski, Kaido ; Peikolainen, Anna-Liisa ; Sarapuu, Ave ; Seemen, Helina ; Käärik, Maike ; Leis, Jaan ; Sammelselg, Väino ; Kook, Mati ",2018
"Tammeveski, Kaido ; Kibena-Põldsepp, Elo ; Mooste, Marek ",2018
"Tammeveski, Kaido ; Sammelselg, Väino ; Kruusenberg, Ivar ; Matisen, Leonard ; Mondal, Jay ",2013
"Härk, Eneli ; Jäger, Rutha ; Lust, Enn ; Kasatkin, Piia Ereth ",2013
"Sarapuu, Ave ; Kasikov, Aarne ; Tammeveski, Kaido ; Erikson, Heiki ",2011
"Tammeveski, Kaido ; Kongi, Nadežda ; Jukk, Kristel ",2012
"Tammeveski, Kaido ; Leis, Jaan ; Sammelselg, Väino ; Käärik, Maike ; Kaljuvee, Tiit ; Erikson, Heiki ",2018
"Tammeveski, Kaido ; Mooste, Marek ; Kibena-Põldsepp, Elo ; Sarapuu, Ave ; Matisen, Leonard ",2013
"Tammeveski, Kaido ; Erikson, Heiki ; Sarapuu, Ave ",2016
"Kozlova, Jekaterina ; Erikson, Heiki ; Sammelselg, Väino ; Tammeveski, Kaido ",2018
"Tammeveski, Kaido ; Erikson, Heiki ; Sarapuu, Ave ",2019
"Kivi, Indrek ; Kirsimäe, Kalle ; Aruväli, Jaan ; Heinsaar, Alar ; Nurk, Gunnar ; Lust, Enn ",2013
"Mäeorg, Uno ; Tšupova, Svetlana ",2013
"Tammeveski, Kaido ; Kongi, Nadežda ",2015
"Metsik, Jörgen ; Šutka, Andris ; Timusk, Martin ; Knite, Maris ; Mäeorg, Uno ",2017
"Pooga, Margus ; Säälik, Pille ; Langel, Ülo ; Hansen, Mats ; Pae, Janely ",2011
"Kütt, Agnes ; Koppel, Ilmar ",2014
"Koppel, Ilmar ; Toom, Lauri ; Leito, Ivo ; Kaljurand, Ivari ; Koppel, Juta ; Koppel, Ivar ; Pihl, Viljar ; Rodima, Toomas ; Kütt, Agnes ; Ovsjannikov, Gea ",2008
"Garcia Sosa, Alfonso Tlatoani ; Tulp, Indrek ; Langel, Kent ; Langel, Ülo ",2014
"Leito, Ivo ",2011
"Soomets, Ursel ; Haldre, Sulev ; Taba, Pille ; Sikk, Katrin ; Kõks, Sulev ",2011
"Tasa, Tõnis ; Tamme, Kadri ; Starkopf, Joel ; Oselin, Kersti ; Kipper, Karin ; Metsvaht, Tuuli ; Karjagin, Juri ; Herodes, Koit ; Kern, Hartmut ",2016
"Starkopf, Joel ; Tamme, Kadri ; Kipper, Karin ; Metsvaht, Tuuli ; Karjagin, Juri ; Herodes, Koit ",2015
"Tasa, Tõnis ; Padari, Helgi ; Metsvaht, Tuuli ; Kipper, Karin ; Herodes, Koit ; Oselin, Kersti ; Soeorg, Hiie ; Lutsar, Irja ",2018
"Orlovskiy, Yury ; Vanetsev, Alexander ; Mändar, Hugo ; Samsonova, Elena ; Mäeorg, Uno ; Sildos, Ilmo ; Popov, Alexandr ",2015
"Kuznetsov, Aleksei ; Loog, Mart ; Järv, Jaak ; Faustova, Ilona ; Juronen, Erkki ",2010
"Manoharan, Ganesh Babu ; Uri, Asko ; Uri, Asko ",2016
"Maran, Uko ; Oja, Mare ",2018
"Eskusson, Jaanus ; Jänes, Alar ; Matisen, Leonard ; Lust, Enn ; Kikas, Arvo ",2011
"Paaver, Urve ; Arak, Elmar ; Orav, Anne ; Mäeorg, Uno ; Raal, Ain ",2008
"Orupõld, Kaja ; Raave, Henn ",2007
"Manoharan, Ganesh Babu ; Enkvist, Erki ; Uri, Asko ",2015
"Reedo, Valter ; Kisand, Vambola ; Mäeorg, Uno ; Paalo, Madis ; Kink, Ilmar ; Tätte, Tanel ; Saal, Kristjan ; Kartušinski, Aleksander ; Lõhmus, Ants ",2007
"Heering, Agnes ; Piirsalu, Mare ; Tšepelevitš, Sofja ; Kaljurand, Ivari ",2018
"Kaupmees, Karl ; Leito, Ivo ",2014
"Zilmer, Mihkel ; Zilmer, Kersti ; Talvik, Tiina ; Tillmann, Vallo ; Pruunsild, Chris ; Heilman, Kaire ",2010
"Tammeveski, Kaido ; Sammelselg, Väino ; Kozlova, Jekaterina ; Kozlova, Jekaterina ; Kongi, Nadežda ; Matisen, Leonard ",2017
"Tammeveski, Kaido ; Rauwel, Protima ; Kongi, Nadežda ; Matisen, Leonard ",2016
"Tammeveski, Kaido ; Sammelselg, Väino ; Rähn, Mihkel ; Kongi, Nadežda ; Erikson, Heiki ",2017
"Tammeveski, Kaido ; Kook, Mati ; Mooste, Marek ; Sammelselg, Väino ",2019
"Leito, Ivo ; Koppel, Ilmar ; Koppel, Ivar ; Lipping, Lauri ",2010
"Kipper, Karin ; Hallik, Maarja ; Ilmoja, Mari-Liis ; Tasa, Tõnis ; Takkis, Kalev ; Veigure, Rūta ; Uibo, Karin ; Starkopf, Joel ; Metsvaht, Tuuli ",2019
"Tammeveski, Kaido ; Kibena-Põldsepp, Elo ",2017
"Thomberg, Thomas ; Jänes, Alar ",2018
"Kikas, Timo ",2007
"Kilk, Kalle ; Teesalu, Tambet ; Scodeller, Pablo David ; Simon Gracia, Lorena ; Kopantšuk, Sergei ; Tobi, Allan ; Säälik, Pille ; Kurm, Kaarel ; Rinken, Ago ",2017
"Hansen, Mats ; Langel, Ülo ; Kilk, Kalle ",2008
"Leito, Ivo ; Pung, Astrid ",2017
"Leito, Ivo ; Kütt, Agnes ; Kaljurand, Ivari ",2009
"Mäger, Imre ; Dobchev, Dimitar Atanasov ; Karelson, Gunnar ; Karelson, Mati ; Tamm, Tarmo ; Tämm, Kaido ; Langel, Ülo ; Jänes, Jaak ; Tulp, Indrek ",2010
"Koppel, Ilmar ; Nummert, Vilve ; Piirsalu, Mare ",2013
"Koppel, Ilmar ; Piirsalu, Mare ; Nummert, Vilve ",2013
"Tšepelevitš, Sofja ; Leito, Ivo ",2018
"Ivaništšev, Vladislav ; Karu, Karl ; Ers, Heigo ",2016
"Rinken, Toonika ; Kivirand, Kairi ",2009
"Nei, Lembit ; Ivask, Mari ; Kuu, Annely ; Kutti, Sander ; Lillenberg, Merike ; Kipper, Karin ; Jurtšenko, Sergei ; Herodes, Koit ; Pihl, Viljar ; Lõhmus, Rünno ",2010
"Zilmer, Mihkel ; Kairane, Ceslava ; Starkopf, Joel ; Karu, Inga ; Zilmer, Kersti ",2007
"Õunap, Katrin ; Kahre, Tiina ; Soomets, Ursel ; Kilk, Kalle ; Uudelepp, Mari-Liis ",2012
"Faustova, Ilona ; Järv, Jaak ; Loog, Mart ",2012
"Rinken, Toonika ; Rinken, Ago ; Järv, Jaak ",2007
"Leito, Ivo ",2014
"Kals, Jaak ; Lieberg, Jüri ; Kampus, Priit ; Zagura, Maksim ; Eha, Jaan ; Zilmer, Mihkel ",2014
"Gopinathan Pillai, Girinath ",2013
"Vaasa, Angela ; Raidaru, Gerda-Johanna ; Uri, Asko ; Kasari, Marje ; Enkvist, Erki ; Kriisa, Marie ; Ivan, Taavi ; Ligi, Kadri ",2011
"Mäeorg, Uno ; Sillard, Rannar ",2008
"Rehema, Aune ; Zilmer, Mihkel ; Kullisaar, Tiiu ",2015
"Burk, Peeter ; Tammiku-Taul, Jaana ",2009
"Burk, Peeter ; Adamson, Aiko ",2015
"Kikas, Timo ; Talpsep, Ene ; Laugus, Karita ; Tutt, Marti ",2008
"Remme, Jaanus ; Liiv, Aivar ; Sild, Sulev ; Kipper, Kalle ",2011
"Adamson, Aiko ; Burk, Peeter ",2014
"Lust, Enn ; Härk, Eneli ; Nerut, Jaak ; Vaarmets, Kersti ",2013
"Tammeveski, Kaido ; Tarre, Aivar ; Rähn, Mihkel ; Ritslaid, Peeter ; Sammelselg, Väino ; Kongi, Nadežda ; Erikson, Heiki ",2018
"Maran, Uko ",2017
"Maran, Uko ; Ruusmann, Villu ; Sild, Sulev ",2014
"Maran, Uko ; Sild, Sulev ; Ruusmann, Villu ",2015
"Maran, Uko ; Sild, Sulev ; Piir, Geven ",2010
"Maran, Uko ; Viira, Birgit ",2017
"Sild, Sulev ; Takkis, Kalev ",2009
"Karelson, Gunnar ; Karelson, Mati ; Tulp, Indrek ; Tämm, Kaido ; Lomaka, Andre ; Savtšenko, Deniss ; Dobchev, Dimitar Atanasov ; Tamm, Tarmo ; Jänes, Jaak ",2009
"Maran, Uko ",2013
"Maran, Uko ; Moosus, Maikki ; Hiob, Rein ",2013
"Maran, Uko ; Moosus, Maikki ",2011
"Maran, Uko ; Oja, Mare ",2015
"Maran, Uko ; Oja, Mare ",2016
"Tuulmets, Ants ; Panov, Dmitri ; Ploom, Anu ; Golubev, Oleg ",2007
"Stern, Raivo ; Tamm, Aile ; Seinberg, Liis ; Kozlova, Jekaterina ; Link, Joosep ; Kukli, Kaupo ; Pikma, Piret ",2016
"Niilisk, Ahti ; Sammelselg, Väino ; Alles, Harry ; Aarik, Jaan ; Kozlova, Jekaterina ",2016
"Niilisk, Ahti ; Alles, Harry ; Sammelselg, Väino ; Kahro, Tauno ; Kiisk, Valter ; Aarik, Jaan ; Rähn, Mihkel ",2015
"Rinken, Toonika ; Peedel, Delia ",2014
"Herodes, Koit ; Anier, Kaili ; Leito, Ivo ; Kipper, Karin ; Karjagin, Juri ",2009
"Ploom, Anu ; Tuulmets, Ants ; Järv, Jaak ; Panov, Dmitri ",2008
"Karelson, Mati ; Dobchev, Dimitar Atanasov ; Langel, Ülo ",2014
"Langel, Ülo ; Karelson, Mati ; Dobchev, Dimitar Atanasov ",2014
"Harro, Jaanus ; Rinken, Ago ; Kõiv, Kadri ; Herm, Laura ; Tõnissaar, Margus ",2008
"Salmar, Siim ; Vaalma, Morten ; Vider, Henry ; Tenno, Tiina ; Kuznetsov, Aleksei ; Järv, Jaak ; Tuulmets, Ants ",2016
"Romann, Tavo ; Lust, Enn ; Möller, Priit ; Anderson, Erik ; Pikma, Piret ; Pikma, Piret ",2017
"Tammeveski, Kaido ; Sarapuu, Ave ; Erikson, Heiki ",2016
"Aleksanyan, Eduard ; Nagirnõi, Vitali ; Danilkin, Mikhail ; Seeman, Viktor ; Feldbach, Eduard ; Lust, Aime ; Kerikmäe, Mihkel ; Romet, Ivo ; Ratas, Arno ; Kotlov, Aleksei ; Aleksanyan, Eduard ",2013
"Garcia Sosa, Alfonso Tlatoani ",2018
"Unt, Eve ; Kairane, Ceslava ; Zilmer, Mihkel ",2008
"Tamm, Jüri ; Marandi, Margus ; Raudsepp, Terje ; Tamm, Tarmo ; Sammelselg, Väino ",2010
"Lust, Enn ; Nurk, Gunnar ",2013
"Karelson, Mati ; Dobchev, Dimitar Atanasov ",2017
"Timmusk, Tõnis ; Rinken, Ago ; Harro, Jaanus ; Uustare, Ain ; Kõiv, Kadri ; Mällo, Tanel ",2008
"Zilmer, Mihkel ; Zilmer, Kersti ; Mahlapuu, Riina ; Kõks, Sulev ; Vasar, Eero ; Luuk, Hendrik ; Raud, Sirli ; Abramov, Urho ; Sütt, Silva ; Innos, Jürgen ; Plaas, Mario ",2010
"Tulp, Indrek ; Sild, Sulev ; Maran, Uko ",2009
"Adamson, Aiko ; Kaljurand, Ivari ; Burk, Peeter ",2016
"Koppel, Ilmar ; Burk, Peeter ; Koppel, Ivar ; Kasemets, Kalev ",2013
"Pruus, Katrin ; Rinken, Ago ; Harro, Jaanus ",2008
"Mölder, Erik ; Tenno, Toomas ; Tenno, Taavo ",2009
"Kasari, Marje ; Uri, Asko ; Enkvist, Erki ; Viht, Kaido ; Ligi, Kadri ",2013
"Ivaništšev, Vladislav ",2015
"Dulova, Niina ; Bolobajev, Juri ; Kattel, Eneliis ; Viisimaa, Marika ; Goi, Anna ; Trapido, Marina ; Tenno, Taavo ",2014
"Kütt, Agnes ; Leito, Ivo ; Koppel, Ilmar ; Kipper, Karin ; Saame, Jaan ; Koppel, Ivar ; Raamat, Elin ",2009
"Liiv, Aivar ; Sild, Sulev ; Remme, Jaanus ; Kipper, Kalle ; Hetényi, Csaba ",2009
"Merits, Andres ; Karelson, Mati ; Nikonov, Andrei ; Žusinaite, Eva ",2015
"Tenno, Tiina ; Salmar, Siim ; Tuulmets, Ants ; Tenno, Toomas ; Järv, Jaak ",2012
"Mikelsaar, Marika ; Hütt, Pirje ; Kõljalg, Siiri ; Štšepetova, Jelena ; Zagura, Maksim ; Smidt, Imbi ; Truusalu, Kai ; Kolk, Helgi ; Rätsep, Merle ; Songisepp, Epp ",2012
"Kipper, Karin ",2019
"Lust, Enn ; Jänes, Alar ",2012
"Enkvist, Erki ; Ekambaram, Ramesh ; Uri, Asko ; Kasari, Marje ; Raidaru, Gerda-Johanna ; Knapp, Stefan ",2013
"Ploom, Anu ; Järv, Jaak ; Panov, Dmitri ; Tuulmets, Ants ",2010
"Garcia Sosa, Alfonso Tlatoani ",2018
"Ivaništšev, Vladislav ; Ruzanov, Anton ",2016
"Kikas, Timo ; Raud, Merlin ; Velling, Siiri ; Tenno, Toomas ; Talpsep, Ene ; Kibena-Põldsepp, Elo ",2010
"Tulp, Indrek ; Laanpere, Made ; Sibul, Hiljar ; Langel, Ülo ",2013
"Vaher, Merike ; Kazarjan, Jana ; Kaljurand, Mihkel ; Mahlapuu, Riina ; Hansen, Mats ; Soomets, Ursel ",2013
"Mändar, Reet ; Kullisaar, Tiiu ; Borovkova, Natalja ; Punab, Margus ",2013
"Tammeveski, Kaido ; Sarapuu, Ave ",2014
"Lutsar, Irja ; Kõrgvee, Lenne-Triin ; Oselin, Kersti ; Herodes, Koit ; Kipper, Karin ; Ilmoja, Mari-Liis ; Metsvaht, Tuuli ",2012
"Kipper, Karin ; Kõrgvee, Lenne-Triin ; Takkis, Kalev ; Aro, Rudolf ; Herodes, Koit ; Lass, Jana ; Varendi, Heili ; Aro, Rudolf ; Kõrgvee, Lenne-Triin ; Herodes, Koit ",2017
"Järv, Jaak ; Tuulmets, Ants ; Salmar, Siim ; Tenno, Tiina ",2009
"Kõks, Sulev ; Guha, Mithu ; Soomets, Ursel ; Vasar, Eero ; Ivask, Marilin ",2013
"Rauwel, Erwan Yann ; Küünal, Siim ; Rauwel, Protima ; Nurk, Gunnar ; Guha, Mithu ",2015
"Uri, Asko ",2014
"Nei, Lembit ; Lillenberg, Merike ; Haiba, Egge ; Herodes, Koit ; Kipper, Karin ; Haiba, Egge ; Haiba, Egge ; Herodes, Koit ",2017
"Nei, Lembit ; Lillenberg, Merike ; Kipper, Karin ; Jurtšenko, Sergei ; Pihl, Viljar ; Herodes, Koit ; Lõhmus, Rünno ; Sepp, Kalev ",2009
"Korjus, Ove ; Nurk, Gunnar ; Aruväli, Jaan ; Kivi, Indrek ; Lust, Enn ; Kodu, Margus ",2018
"Kruusma, Jaanus ",2007
"Kuznetsov, Aleksei ; Järv, Jaak ",2008
"Lavõgina, Darja ; Kestav, Katrin ; Viht, Kaido ; Enkvist, Erki ; Uri, Asko ",2017
"Kukk, Siim ; Järv, Jaak ",2018
"Vaasa, Angela ; Uri, Asko ; Kasari, Marje ",2010
"Karelson, Mati ; Tammiku-Taul, Jaana ",2018
"Jonuks, Tõnno ; Malve, Martin ; Oras, Ester ; Tõrv, Mari ; Kekišev, Ott ; Vahur, Signe ; Leito, Ivo ; Leito, Ivo ",2018
"Zilmer, Mihkel ",2009
"Kruve-Viil, Anneli ; Kaupmees, Karl ; Liigand, Jaanus ; Oss, Merit ; Leito, Ivo ",2013
"Leito, Ivo ",2012
"Lillmaa, Kadi ; Küngas, Rainer ; Lust, Enn ",2013
"Leito, Ivo ; Koppel, Ivar ; Kaupmees, Karl ; Koppel, Ilmar ; Saame, Jaan ",2015
"Salmar, Siim ; Järv, Jaak ; Piiskop, Sander ; Tuulmets, Ants ",2014
"Salmar, Siim ; Tuulmets, Ants ; Järv, Jaak ",2010
"Eremeev, Viacheslav ; Lääniste, Peeter ; Mäeorg, Erkki ; Jõudu, Juhan ",2007
"Lust, Enn ",2010
"Oll, Ove ; Gorbatovski, Georg ; Lust, Enn ; Siimenson, Carolin ",2017
"Liivand, Kerli ; Jänes, Alar ; Kink, Ilmar ; Lust, Enn ; Thomberg, Thomas ",2012
"Liivand, Kerli ; Thomberg, Thomas ; Jänes, Alar ; Lust, Enn ",2013
"Oll, Ove ; Romann, Tavo ; Pikma, Piret ; Lust, Enn ",2016
"Kipper, Karin ; Hecht, Max ; Takkis, Kalev ; Evard, Hanno ; Herodes, Koit ; Veigure, Rūta ; Aro, Rudolf ; Leito, Ivo ; Lõhmus, Rünno ; Leito, Ivo ",2017
"Tammeveski, Kaido ; Mäeorg, Uno ; Kullapere, Marko ",2008
"Tammeveski, Kaido ; Jukk, Kristel ; Kozlova, Jekaterina ; Sammelselg, Väino ; Ritslaid, Peeter ",2013
"Tammeveski, Kaido ; Treštšalov, Aleksei ; Puust, Laurits ; Sildos, Ilmo ; Vanetsev, Alexander ; Vanetsev, Alexander ; Erikson, Heiki ",2017
"Timusk, Martin ; Käämbre, Tanel ; Metsik, Jörgen ; Mändar, Hugo ; Umalas, Madis ; Puust, Laurits ; Utt, Kathriin ; Sildos, Ilmo ; Mäeorg, Uno ; Kuus, Agnes ; Utt, Kathriin ; Sildos, Ilmo ",2016
"Tammeveski, Kaido ; Kruusenberg, Ivar ",2017
"Zekker, Ivar ; Mandel, Anni ; Tenno, Taavo ; Seiman, Andrus ",2014
"Lust, Enn ; Kivi, Indrek ; Nurk, Gunnar ; Küngas, Rainer ",2009
"Jänes, Alar ; Thomberg, Thomas ; Tee, Ester ; Lust, Enn ; Tallo, Indrek ",2018
"Romann, Tavo ; Kiisk, Valter ",2018
"Zekker, Ivar ; Tenno, Taavo ; Mandel, Anni ; Rikmann, Ergo ",2016
"Ploom, Anu ; Tuulmets, Ants ; Järv, Jaak ",2010
"Seeman, Viktor ; Mändar, Hugo ; Kerikmäe, Mihkel ; Lust, Aime ; Danilkin, Mikhail ; Pung, Lembit ",2010
"Jõesaar, Merike ; Viggor, Signe ; Heinaru, Eeva ; Naanuri, Eve ; Leito, Ivo ; Heinaru, Ain ",2017
"Lavõgina, Darja ; Enkvist, Erki ; Uri, Asko ; Kasari, Marje ; Raidaru, Gerda-Johanna ; Bredihhina, Jevgenia ; Viil, Indrek ",2009
"Aints, Märt ; Kirm, Marco ; Mändar, Hugo ; Raud, Jüri ; Kodu, Margus ; Jaaniso, Raivo ; Avarmaa, Tea ; Sammelselg, Väino ; Maaroos, Aarne ; Feldbach, Eduard ; Denks, Viktor ",2010
"Aarik, Jaan ; Uustare, Teet ; Sammelselg, Väino ; Rosental, Arnold ; Tarre, Aivar ; Niilisk, Ahti ; Rammula, Raul ; Pärna, Rainer ; Netšipailo, Ivan ",2010
"Valk, Peeter ; Nerut, Jaak ; Tallo, Indrek ; Tee, Ester ; Vaarmets, Kersti ; Romann, Tavo ; Kurig, Heisi ; Palm, Rasmus ; Lust, Enn ",2016
"Kaupmees, Karl ",2016
"Ploom, Anu ; Tuulmets, Ants ; Järv, Jaak ",2011
"Väärtnõu, Mart ; Lust, Enn ",2007
"Jurtšenko, Sergei; Kruve-Viil, Anneli ; Herodes, Koit ; Leito, Ivo ",2011
"Tamm, Tarmo ; Sammelselg, Väino ; Marandi, Margus ; Tamm, Jüri ; Raudsepp, Terje ",2008
"Rebane, Riin ; Oldekop, Maarja-Liisa ; Herodes, Koit ",2014
"Tulp, Indrek ; Karelson, Gunnar ; Tämm, Kaido ; Karelson, Mati ; Tamm, Tarmo ; Dobchev, Dimitar Atanasov ",2013
"Jänes, Alar ; Lust, Enn ; Kurig, Heisi ",2010
"Kaur, Sirje ; Zilmer, Mihkel ; Zilmer, Kersti ; Kullisaar, Tiiu ; Rehema, Aune ; Vihalemm, Tiiu ; Mikelsaar, Marika ",2008
"Zekker, Ivar ; Saluste, Alar ; Tenno, Toomas ; Menert, Anne ; Kroon, Kristel ; Vabamäe, Priit ; Tenno, Taavo ; Rikmann, Ergo ",2012
"Menert, Anne ; Rikmann, Ergo ; Zekker, Ivar ; Tenno, Toomas ; Tenno, Taavo ; Tomingas, Martin ; Loorits, Liis ",2012
"Koppel, Ilmar ; Koppel, Ivar ; Leito, Ivo ",2015
"Leito, Ivo ; Kaljurand, Ivari ",2009
"Tee, Ester ; Lust, Enn ; Thomberg, Thomas ; Tallo, Indrek ",2016
"Jänes, Alar ; Lust, Enn ; Thomberg, Thomas ; Tallo, Indrek ; Kurig, Heisi ; Kontturi, Kyösti ",2013
"Jänes, Alar ; Eskusson, Jaanus ; Lust, Enn ; Thomberg, Thomas ",2014
"Lust, Enn ; Jänes, Alar ; Eskusson, Jaanus ; Saar, Agu ; Kanarbik, Rait ",2012
"Tammeveski, Kaido ; Kozlova, Jekaterina ; Kibena-Põldsepp, Elo ; Mooste, Marek ; Marandi, Margus ; Sammelselg, Väino ",2013
"Tammeveski, Kaido ; Sammelselg, Väino ; Marandi, Margus ; Kibena-Põldsepp, Elo ; Mooste, Marek ",2018
"Romann, Tavo ; Oll, Ove ; Pikma, Piret ; Lust, Enn ",2014
"Tammeveski, Kaido ; Marandi, Margus ; Kullapere, Marko ; Sammelselg, Väino ",2009
"Uri, Asko ; Raidaru, Gerda-Johanna ; Viht, Kaido ; Kasari, Marje ; Lavõgina, Darja ; Vaasa, Angela ; Schweinsberg, Sonja ",2007
"Kallip, Silvar ",2012
"Jänes, Alar ; Thomberg, Thomas ; Lust, Enn ",2007
"Väli, Ronald ; Jänes, Alar ; Thomberg, Thomas ; Lust, Enn ",2017
"Valk, Peeter ; Nerut, Jaak ; Kanarbik, Rait ; Tallo, Indrek ; Aruväli, Jaan ; Lust, Enn ",2018
"Avarmaa, Tea ; Kodu, Margus ; Jaaniso, Raivo ; Saar, Agu ; Mäeorg, Uno ",2013
"Rinken, Ago ; Uustare, Ain ",2008
"Vahur, Signe ; Selberg, Sigrid ; Rodima, Toomas ; Lõkov, Märt ; Tšepelevitš, Sofja ; Haljasorg, Tõiv ; Chhabra, Sahil ; Kadam, Sandip Ashokrao ; Leito, Ivo ; Toom, Lauri ",2017
"Järv, Jaak ; Stepanov, Vladimir ",2007
"Mäeorg, Uno ; Saal, Kristjan ; Kink, Ilmar ; Bredihhin, Aleksei ; Põhako-Esko, Kaija ",2008
"Haljasorg, Tõiv ; Kipper, Karin ; Mastitski, Anton ; Järv, Jaak ",2015
"Leito, Ivo ; Saame, Jaan ",2016
"Eskusson, Jaanus ; Lust, Enn ; Jaaniso, Raivo ",2008
"Leito, Ivo ; Saame, Jaan ",2013
"Tammeveski, Kaido ; Käärik, Maike ; Leis, Jaan ; Ratso, Sander ; Kook, Mati ",2018
"Gopinathan Pillai, Girinath ",2014
"Mäeorg, Uno ; Ilisson, Mihkel ; Türk, Silver ",2015
"Järv, Jaak ; Mastitski, Anton ",2014
"Burk, Peeter ; Mäeorg, Uno ; Tämm, Kaido ; Kalvet, Indrek ; Kipper, Andi ",2015
"Gopinathan Pillai, Girinath ",2015
"Gopinathan Pillai, Girinath ",2014
"Gopinathan Pillai, Girinath ",2015
"Gopinathan Pillai, Girinath ",2014
"Tšepelevitš, Sofja ; Leito, Ivo ",2017
"Ilisson, Mihkel ; Mäeorg, Uno ",2017
"Gopinathan Pillai, Girinath ",2014
"Lavõgina, Darja ; Enkvist, Erki ; Uri, Asko ",2014
"Zilmer, Mihkel ; Kairane, Ceslava ; Mahlapuu, Riina ; Salum, Tiit ; Kõks, Sulev ; Vasar, Eero ",2010
"Kals, Jaak ; Pulges, Andres ; Lieberg, Jüri ; Lepner, Urmas ",2008
"Oras, Ester ; Lõugas, Lembi ; Tõrv, Mari ; Kriiska, Aivar ; Lõugas, Lembi ; Tõrv, Mari ",2017
"Kaljurand, Ivari ; Koppel, Ilmar ; Leito, Ivo ; Burk, Peeter ; Koppel, Ivar ",2013
"Zilmer, Mihkel ; Zilmer, Kersti ",2009
"Soomets, Ursel ; Kõks, Sulev ; Jaakma, Ülle ; Salumets, Andres ; Altmäe, Signe ; Reinmaa, Eva ; Velthut-Meikas, Agne ; Tagoma, Aili ",2010
"Hallik, Allan ; Sammelselg, Väino ; Alumaa, Ants ; Kozlova, Jekaterina ; Tamm, Jüri ",2013
"Palm, Rasmus ; Härk, Eneli ; Vaas, Ingrid ; Lust, Enn ",2019
"Kruusma, Jaanus ",2007
"Leis, Jaan ; Käärik, Maike ; Karelson, Mati ; Arulepp, Mati ",2008
"Tamm, Jüri ",2011
"Leis, Jaan ; Käärik, Maike ; Arulepp, Mati ",2010
"Jäger, Rutha ; Härk, Eneli ; Kasatkin, Piia Ereth ; Teppor, Patrick ; Romann, Tavo ; Härmas, Riinu ; Tallo, Indrek ; Mäeorg, Uno ; Joost, Urmas ; Paiste, Päärn ; Kirsimäe, Kalle ; Lust, Enn ",2018
"Leito, Ivo ; Saks, Olev ; Vilbaste, Martin ",2013
"Mahlapuu, Riina ; Soomets, Ursel ; Kairane, Ceslava ; Zilmer, Mihkel ; Ehrlich-Peets, Kersti ",2014
"Jäger, Rutha ; Härk, Eneli ; Kasatkin, Piia Ereth ; Möller, Priit ; Kanarbik, Rait ; Tallo, Indrek ; Joost, Urmas ; Aruväli, Jaan ; Paiste, Päärn ; Kirsimäe, Kalle ; Lust, Enn ",2018
"Kruusma, Jaanus ; Tõnisoo, Arvo ; Pärna, Rainer ; Nõmmiste, Ergo ; Kuusik, Ivar ; Lust, Enn ; Romann, Tavo ; Tallo, Indrek ",2017
"Lust, Enn ; Siimenson, Carolin ; Siinor, Liis ; Lust, Karmen ",2014
"Kaupmees, Karl ; Liigand, Piia ; Heering, Agnes ; Kruve-Viil, Anneli ; Leito, Ivo ",2017
"Daija, Laura ; Zekker, Ivar ; Selberg, Aare ; Tenno, Taavo ; Tenno, Toomas ; Tenno, Toomas ; Tenno, Taavo ; Tenno, Taavo ; Rikmann, Ergo ",2015
"Koppel, Ilmar ",2007
"Lust, Enn ; Lust, Karmen ; Jäger, Rutha ; Kasuk, Heili ; Härk, Eneli ",2012
"Kaur, Sirje ; Zilmer, Kersti ; Leping, Vambola ; Zilmer, Mihkel ",2011
"Mölder, Uldo ; Jurtšenko, Sergei ",2007
"Maran, Uko ; Oja, Mare ",2015
"Tammeveski, Kaido ; Kruusenberg, Ivar ; Kongi, Nadežda ",2009
"Tammeveski, Kaido ; Jürmann, Gea ",2007
"Sild, Sulev ; Maran, Uko ; Takkis, Kalev ",2009
"Karelson, Mati ; Martin, Dana ",2010
"Kurig, Heisi ; Tallo, Indrek ; Romann, Tavo ; Lust, Enn ",2016
"Koppel, Ivar ; Koppel, Ilmar ",2016
"Leito, Ivo ; Paama, Lilli ",2007
"Mäeorg, Uno ; Bredihhin, Aleksei ; Tšupova, Svetlana ; Lebedev, Oleg ",2009
"Gopinathan Pillai, Girinath ; Tämm, Kaido ; Burk, Peeter ; Tamm, Tarmo ; Karelson, Mati ; Sikk, Lauri ",2015
"Tämm, Kaido ; Burk, Peeter ; Sikk, Lauri ; Mayeux, Charly France Alexandre ",2013
"Kukk, Siim ; Järv, Jaak ",2015
"Järv, Jaak ",2014
"Kivi, Rait ; Järv, Jaak ",2014
"Viht, Kaido ; Vahter, Jürgen ; Uri, Asko ; Enkvist, Erki ; Manoharan, Ganesh Babu ",2018
"Hallik, Allan ; Joosu, Lauri ; Mändar, Hugo ; Marandi, Margus ",2015
"Harro, Jaanus ; Eller, Marika ; Rinken, Ago ; Herm, Laura ; Mällo, Tanel ; Kõiv, Kadri ; Matrov, Denis ",2007
"Kasari, Marje ; Uri, Asko ; Padrik, Peeter ; Soplepmann, Jaan ; Vaasa, Angela ",2012
"Vaasa, Angela ; Uri, Asko ; Enkvist, Erki ; Ligi, Kadri ",2012
"Leito, Ivo ; Toom, Lauri ; Kadam, Sandip Ashokrao ; Haav, Kristjan ",2015
"Herodes, Koit ; Leito, Ivo ; Virro, Kristina ; Tanner, Risto ; Künnapas, Allan ; Oss, Merit ; Kruve-Viil, Anneli ",2008
"Liigand, Jaanus ; Kruve-Viil, Anneli ; Laaniste, Asko ; Liigand, Piia ",2015
"Tammeveski, Kaido ; Ratso, Sander ; Leis, Jaan ; Käärik, Maike ; Kook, Mati ; Kook, Mati ; Kruusenberg, Ivar ",2017
"Järvekülg, Martin ; Lõhmus, Rünno ; Taaber, Triinu ; Oras, Sven ; Mäeorg, Uno ; Joost, Urmas ",2015
"Leito, Ivo ; Evard, Hanno ; Kruve-Viil, Anneli ",2016
"Leito, Ivo ; Evard, Hanno ; Kruve-Viil, Anneli ; Evard, Hanno ; Evard, Hanno ",2016
"Kruve-Viil, Anneli ; Kipper, Karin ; Leito, Ivo ; Herodes, Koit ; Oldekop, Maarja-Liisa ; Evard, Hanno ; Rebane, Riin ",2015
"Rebane, Riin ; Herodes, Koit ; Leito, Ivo ; Kipper, Karin ; Oldekop, Maarja-Liisa ; Kruve-Viil, Anneli ; Evard, Hanno ",2015
"Leito, Ivo ; Herodes, Koit ; Nei, Lembit ; Kipper, Karin ",2011
"Salmar, Siim ; Järv, Jaak ; Tuulmets, Ants ",2008
"Järv, Jaak ; Tuulmets, Ants ; Salmar, Siim ; Hagu, Hannes ",2007
"Piiskop, Sander ; Raidaru, Gerda-Johanna ; Salmar, Siim ",2012
"Kruusma, Jaanus ",2010
"Leito, Ivo ; Kruve-Viil, Anneli ; Heering, Agnes ; Liigand, Jaanus ",2015
"Leito, Ivo ; Kütt, Agnes ; Lõkov, Märt ",2012
"Bredihhin, Aleksei ; Mäeorg, Uno ",2007
"Karelson, Mati ; Dobchev, Dimitar Atanasov ",2011
"Leito, Ivo ; Helm, Irja ",2015
"Kipper, Karin ; Hecht, Max ; Veigure, Rūta ; Takkis, Kalev ; Leito, Ivo ; Herodes, Koit ; Evard, Hanno ",2018
"Kisand, Vambola ; Nõmmiste, Ergo ; Kuusik, Ivar ; Berholts, Marta ; Kruusma, Jaanus ; Tõnisoo, Arvo ; Lust, Enn ",2018
"Leito, Ivo ",2014
"Serg, Martin ; Kals, Jaak ; Kampus, Priit ; Zilmer, Mihkel ; Zagura, Maksim ; Eha, Jaan ",2014
"Laurson, Peeter ; Mäeorg, Uno ",2015
"Tammeveski, Kaido ",2011
"Laaniste, Asko ",2014
"Kaupmees, Karl ; Saame, Jaan ; Leito, Ivo ",2014
"Luuk, Hendrik ; Tillmann, Vallo ; Vasar, Eero ; Terasmaa, Anton ; Plaas, Mario ; Soomets, Ursel ; Noormets, Klari ; Kõks, Sulev ",2009
"Terasmaa, Anton ; Matto, Vallo ; Punapart, Marite ; Vasar, Eero ; Soomets, Ursel ; Hansen, Mats ; Ehrlich-Peets, Kersti ; Must, Anne ; Kõks, Sulev ",2011
"Kairane, Ceslava ; Mahlapuu, Riina ; Vasar, Eero ; Raud, Sirli ; Visnapuu, Tanel ; Zilmer, Mihkel ; Altpere, Alina ; Sütt, Silva ",2015
"Jänes, Alar ; Lust, Enn ; Väli, Ronald ",2016
"Sild, Sulev ; Takkis, Kalev ; Garcia Sosa, Alfonso Tlatoani ",2015
"Salum, Erik ; Kals, Jaak ; Kampus, Priit ; Salum, Tiit ; Zilmer, Kersti ; Aunapuu, Marina ; Arend, Andres ; Eha, Jaan ; Zilmer, Mihkel ",2013
"Sammelselg, Väino ; Kikas, Arvo ; Kooser, Kuno ; Käämbre, Tanel ; Rammula, Raul ; Aarik, Jaan ",2007
"Hanschmidt, Kelli ; Tätte, Tanel ; Part, Marko ; Talviste, Rasmus ; Mäeorg, Uno ; Jõgi, Indrek ; Kiisk, Valter ; Mändar, Hugo ; Nurk, Gunnar ; Rauwel, Protima ; Utt, Kathriin ",2014
"Rinken, Ago ; Pulges, Oliver ",2008
"Gopinathan Pillai, Girinath ",2013
"Kals, Jaak ; Zilmer, Kersti ; Eha, Jaan ; Peetsalu, Ants ; Unt, Eve ; Lieberg, Jüri ; Serg, Martin ; Kampus, Priit ; Zagura, Maksim ; Zilmer, Mihkel ",2011
